Code,Description
02Q,Titan Airways
04Q,Tradewind Aviation
05Q,"Comlux Aviation, AG"
06Q,Master Top Linhas Aereas Ltd.
07Q,Flair Airlines Ltd.
08Q,Flying Service N.V.
09Q,"Swift Air, LLC d/b/a Eastern Air Lines d/b/a Eastern"
0BQ,DCA
0CQ,ACM AIR CHARTER GmbH
0DQ,CAT Aviation
0FQ,"Maine Aviation Aircraft Charter, LLC"
0GQ,"Inter Island Airways, d/b/a Inter Island Air"
0HQ,Polar Airlines de Mexico d/b/a Nova Air
0IQ,Lynx Aviation d/b/a Frontier Airlines
0J,JetClub AG
0JQ,Vision Airlines
0KQ,"Mokulele Flight Services, Inc."
0LQ,"Metropix UK, LLP."
0MQ,"Multi-Aero, Inc. d/b/a Air Choice One"
0OQ,Open Skies
0Q,Flying Service N.V.
0QQ,TAG Aviation (UK) Ltd.
0RQ,TAG Aviation Espana S.L.
0TQ,"Corporatejets, XXI"
0UQ,"Comlux Malta, Ltd."
0VQ,Ocean Sky (UK) Limited
0WQ,Avjet Corporation
0YQ,Comlux Malta Ltd.
0Z,Island Air Service
0ZQ,Air Excursions LLC
10Q,Swiss Air Ambulance
12Q,Unijet
13Q,Chartright Air Inc.
14Q,London Air Services Limited
15Q,Air Alsie A/S
16,PSA Airlines Inc.
17,Piedmont Airlines
17Q,Albinati Aeronautics SA
18Q,"Dynamic Airways, LLC d/b/a Dynamic Aviation"
19Q,Charter Air Transport
1AQ,Via Airlines d/b/a Sterling Airways
1BQ,"Eastern Airlines f/k/a Dynamic Airways, LLC"
1DQ,Island Airlines LLC
1EQ,"KaiserAir, Inc."
1FQ,Alsek Air
1HQ,International Jet Management GmbH
1I,Sky Trek International Airlines
1IQ,Jet link AG
1JQ,Exec Direct Aviation Services Limited
1LQ,Bertelsmann Aviation GmbH
1MQ,Twin Cities Air Service LLC
1NQ,JSC The 224th Flight Unit State Airlines
1PQ,Makani Kai Air Charters
1QQ,City Wings Inc dba Seaflight
1RQ,Sun Air Express LLC dba Sun Air International
1SQ,Star Marianas Air Inc.
1TQ,Rhoades Aviation dba Transair
1UQ,Gainjet Aviation SA
1VQ,Scott Air LLC dba Island Air Express
1WQ,Ultimate JetCharters LLC dba Ultimate Air Shuttle
1XQ,Dassault Falcon Service
1YQ,"Air Charter, Inc d/b/a Air Flamenco"
1ZQ,Comlux Aruba NV
20Q,Orange Air
21Q,Corporate Flight Management Inc.d/b/a Crystal Luxury Air
22Q,Gem Air LLC
23Q,Songbird Airways Inc.
24Q,Jet Story
25Q,Mjet GmbH
26Q,Albinati aviation Limited
27Q,"Jet Aviation Flight Services, Inc."
28Q,Menagerie Enterprises Inc d/b/a Monarch Air
29Q,Erickson Helicopters
2AQ,ABS JETS A.S
2BQ,Air Medical Ltd.
2CQ,Altius Aviation LLC
2DQ,Aviation Partners of Boynton Beach LLC d/b/a Hummingbird Air
2E,Smokey Bay Air Inc.
2EQ,"J&M Alaska Air Tours, Inc. d/b/a Alaska Air Transit"
2F,Frontier Flying Service
2GQ,Cavok Air LLC
2HQ,Elite Airways LLC
2JQ,Delux Public Charter LLC
2K,Aerogal
2KQ,Longtail Aviation Ltd.
2LQ,Tropic Ocean Airways LLC
2M,Midway Express Airlines
2NQ,LIMA NY Corp d/b/a Fly The Whale
2O,Island Air Service
2OQ,Talofa Airways Limited
2P,"Air Philippines Corp d/b/a Airphil Express, Philippines Airlines"
2PQ,21 Air LLC
2R,Regal Air
2RQ,Luxaviation S A
2S,Island Express
2T,Canada 3000 Airlines Ltd.
2TQ,Trans Northern Airways d/b/a Air Unlimited Charter Services
2U,Valley Air Express Inc.
2UQ,Svenskt Industriflyg AB
2WQ,"Paklook Air, Inc d/b/a/ Airlift Alaska"
2Z,Air Comet S.A.
30Q,"Public Charters, Inc. d/b/a North Country Sky d/b/a Regional Sky d/b/a Texas Sky"
34Q,"Polaris Aviation Solutions, LLC"
35Q,"Aztec Worldwide Airlines, Inc.  d/b/a  Aztec Airways"
36Q,Air Hamburg Luftverkehrsgesellschaft mbH
37,Zeal 320
37Q,"Hillwood Airways, LLC  f/k/a   ATX Air Services, LLC"
38Q,Key Lime Air Corporation
39Q,"ADVANCED AIR, LLC"
3AA,"Airgate Aviation, Inc."
3AQ,"Maritime Helicopters, Inc."
3BQ,"Nealco Air Charter Services, Inc.  d/b/a  Watermakers Air"
3C,"Regions Air, Inc."
3CQ,"Andrew Airways, Inc."
3DQ,"Rectrix Aviation, Inc."
3E,"Multi-Aero, Inc. d/b/a Air Choice One"
3EQ,"Scott Aviation, LLC  d/b/a  Silver Air"
3F,"Pacific Airways, Inc."
3FQ,"Western Air Charter, Inc.  d/b/a  Jet Edge"
3GQ,"Aviateca, S.A."
3K,Tatonduk Outfitters Limited d/b/a Tatonduk Flying Service
3KQ,"Junipogo, LLC"
3M,Silver Airways
3S,AeroLogic GmbH
3SD,Compagnie Aerienne Inter Regionale Express dba Air Antilles Express & Air Guyane
3U,Sichuan Airlines Co Ltd.
3Z,Tatonduk Outfitters Limited d/b/a Everts Air Alaska and Everts Air Cargo
4B,Boutique Air
4C,Aerovias de Intergracian Regional
4E,Tanana Air Service
4EQ,Tanana Air Service
4H,Belize Trans Air
4M,LAN Argentina
4N,Air North
4O,ABC Aerolineas SA de CV dba Interjet
4R,Regent Air Corporation
4S,Sol Air (Aero Hunduras)
4T,Belair Airlines Ltd.
4W,Warbelow
4Y,EUROWINGS DISCOVER GmbH
5B,Bellair Inc.
5C,Challenge Airlines (IL) Ltd.
5D,Aerolitoral
5F,Arctic Circle Air Service
5G,"Skyservice Airlines, Inc."
5J,Cebu Air Inc d/b/a Cebu Pacific Air
5L,Aerosur
5T,Air America
5V,Tatonduk Outfitters Limited d/b/a Everts Air Alaska and Everts Air Cargo
5X,United Parcel Service
5Y,Atlas Air Inc.
6A,Aviacsa Airlines
6B,TUIfly Nordic A.B.
6C,Cape Smythe Air Service
6F,Laker Airways Inc.
6H,Israir Airlines
6O,ORBEST AIRLINE
6P,Pacific East Air Inc.
6R,Aerounion Aerotransporte de Carga Union SA de CV
6U,Air Ukraine
6Y,Nicaraguense De Aviacion Sa
7B,Krasair
7C,Jeju Air Co Ltd.
7F,First Air
7G,MK Airlines Ltd.
7H,"Northern Pacific Airways, Inc. Dba  Ravn Alaska"
7I,Insel Air International B V
7J,Skagway Air Service
7L,Silk Way West Airlines
7M,Aeromonterrey S.A.
7N,Inland Aviation Services
7P,Apa International Air S.A.
7Q,Pan American World Airways Dominicana
7S,Ryan Air f/k/a Arctic Transportation
7Z,Lb Limited
8C,Air Transport International
8D,"Dynamic Aviation, Inc. d/b/a Beacon"
8E,Bering Air Inc.
8F,Wilburs Inc.
8I,Inselair Aruba NV
8J,Jetall Airways
8L,Servicio Aereo Leo Lopez
8N,Flagship Airlines Inc.
8Q,Baker Aviation Inc.
8R,Edelweiss Air Ag
8V,Wright Air Service
8W,Fly Airways NV
9E,Endeavor Air Inc.
9I,Island Air Service
9J,Pacific Island Aviation
9K,Cape Air
9L,Colgan Air
9M,Central Mountain Air
9N,ANA & JP Express Co. Ltd.
9R,Flagship Express Services
9S,Southern Air Inc.
9T,"TravelspanGT, Inc. S.A."
9V,"Avior Airlines, C.A."
9W,Jet Airways (India) Limited
9X,"Southern Airways Express, dba Mokulele Airlines"
A0,Elysair d/b/a L'Avion
A2,Cielos De Peru
A4,Southern Wind Airlines
A7,Air Comet S.A.
AA,American Airlines Inc.
AAA,Associated Aviation Act.
AAB,Abelag Aviation AG
AAE,AAA Airlines
AAI,Audi Air Inc.
AAL,Argosy Air Lines Inc.
AAP,Armstrong Air Service Inc.
AAQ,Advance Air Charters
AAR,Altair Airlines Inc.
AAT,Air Sunshine Inc.
AAV,Alpine Air
AAZ,Alaska Aeronautical Indust.
AB,Air Berlin PLC and CO
ABH,Air Bahia
ABI,Airbama Incorporated
ABO,Aeronaves Boringuena Inc.
ABQ,Aeromar C. Por A.
ABX,ABX Air Inc
AC,Air Canada
ACA,Alaska Central Airways Inc.
ACD,Academy Airlines
ACG,Air Cargo Express Inc.
ACH,Island Airlines Hawaii Inc.
ACI,AAA-Action Air Carrier Inc.
ACJ,Atlantic Coast Jet Inc.
ACK,Air Central Inc.
ACL,Check-Air Inc.
ACN,Alliance Airlines
ACO,Air Cargo Enterprises Inc.
ACP,Air Chaparral Inc.
ACQ,Aeronautica De Cancun
ACS,Alamo Commuter Airlines
ACT,Air Central Inc.
ACW,Transwest Air Express
AD,Azul Linhas Aereas Brazileiras S A
ADB,Antonov Company
ADQ,Aeronaves Del Peru
ADR,Adirondack Airlines
ADV,Advantage Airlines
AE,Air Europe Limited
AEC,Astec Air East Inc.
AED,Air East Of Delaware Inc.
AEF,Aero Freight
AEO,Aero Coach
AEQ,Air Caravane Inc.
AEX,Air Excursions LLC
AF,Compagnie Natl Air France
AFA,American Flag Airlines Inc.
AFE,Air Florida Express
AFG,American Flight Group
AFQ,Aero B Venezuela C.A.
AFS,Arcata Flying Service
AG,Arubaanse Luchtvaart Maatschappij NV dba Aruba Airlines
AGA,Air Cargo America Inc.
AGL,Atlantic Gulf Airlines
AGQ,Argo S. A.
AHA,Air Alpha
AHC,Air Hawaii
AHQ,Air National
AI,National Aviation Company of India Limited d/b/a Air India
AIA,All Island Air
AIC,Air Caribbean
AIE,Air Express Inc.
AIG,Airgo Inc.
AIK,Air Ketchum Idaho Inc.
AIM,Air Mont. Inc.
AIN,Air Indiana
AIQ,Norontair
AIT,Airways International
AIY,Alliance Air
AJ,Air Micronesia Inc.
AJQ,Aerodynamics Inc. d/b/a SkyValue d/b/a SkyValue Airways
AKQ,Airmark Airlines Inc.
AKS,Alaska Seaplane Service
AL,Skyway Airlines
ALD,Allied Airlines
ALE,Air-Lift Associates Inc.
ALI,Brandt Air
ALK,Air Link Airways
ALL,All Seasons Air Pacific
ALQ,Alliance Executive Jets Ltd.
ALS,Air L.A.
ALT,Altus Airlines
ALU,Aleutian Air
ALX,Atlanta Express
AM,Aeromexico
AMA,North American Airlines Inc.
AME,Americair Inc.
AMI,American Inter-Island Inc.
AMQ,Ameristar Air Cargo
AMR,AvAir
AMT,American Air Transport
AMW,Air Midwest Inc.
AN,"ADVANCED AIR, LLC"
ANB,Air Nebraska Inc.
ANC,Atlantic Air
AND,Southcentral Air Inc.
ANE,Pacific Wings Airlines
ANI,Dash Air Corporation
ANM,Airways Of New Mexico Inc.
ANO,Metro Air Northeast Vermont
ANQ,"Aeronaves Tsm, S.A. De C.V."
ANT,Air North/Nenana
AO,Aviacion Y Comercio S.A.
AOI,Trans New York
AON,Action Airlines
AOQ,Avon Jet AG
AOR,Air New Orleans
AP,Aeromexpress
APC,Air Puerto Rico Airlines
APE,Air Cape
APH,Alpha Air
API,Arizona Pacific Inc.
APL,Appalachian Flying Service
APN,Aspen Airways Inc.
APQ,Alas De Transporte International
APS,Air Spirit Inc.
APY,Air Polynesia Inc.
AQ,Aloha Airlines Inc.
AQQ,Air Charter (Safa)
AR,Aerolineas Argentinas
ARA,Air Resorts Airlines
ARB,Air Caribe International
ARD,Airlift International
ARI,Arizona Aero Corp.
ARM,Airmarc Airlines Inc.
ARN,Arnold Aviation
ARO,Air Oregon
ARP,Airspur Helicopters Inc.
ARQ,Aerovias Colombianas Arca
ARR,Arrowhead Airways Inc.
ARS,Air Sedona
ARZ,Arizona Airways
AS,Alaska Airlines Inc.
ASC,Air South Inc.
ASD,Amistad Airlines
ASE,Arctic Circle Air Service
ASH,Air South
ASI,Alpine Air Services Inc.
ASN,Air Casino
ASP,Asap Air Inc.
ASQ,Aerosur
ASR,Astor Air
AST,Astro Airways
ASU,Air South
ASV,"Air Vegas, Inc."
ASW,Sunrise Airlines Inc.
AT,Royal Air Maroc
ATA,Atlantic Southeast Airlines
ATD,Atlantic Coast Airlines
ATH,Air Southeast
ATI,"Air Trails, Inc."
ATN,Air Atlantic Airlines Inc.
ATO,Pacific National Airways
ATQ,Bairline Fluggesellschaft
ATS,Atlantis Airlines Inc.
ATT,Aerotransit Inc.
ATX,Air Carolina
AUQ,Antonov Design Bureau
AUX,Austin Express Inc.
AV,Aerovias Nacl De Colombia
AVA,Air Vectors Airways
AVC,Av Center Inc.
AVG,Airvantage
AVI,Aero Virgin Islands Corp.
AVL,Aviation Sales
AVQ,Aero Laguna S.A. De C.V.
AVR,Air Vermont Inc.
AVS,Aviation Services
AVZ,Southern Jersey Airways
AWA,Air West Airlines
AWQ,Aermediterranea S.P.A.
AX,Trans States Airlines
AXQ,Aeron International Airlines Inc.
AY,Finnair Oy
AYQ,Aerodan S.A. De C.V.
AZ,Italia Transporto Aereo S.P.A DBA ITA S.P.A
AZE,Arizona Express
AZP,Arizona Pacific Airways
AZQ,Anglo Airlines Ltd.
B0,Dreamjet SAS Dba La Compagnie
B4,Globespan Airways Limited d/b/a Flyglobespan
B6,JetBlue Airways
B8,Caribbean Airline Company
BA,British Airways Plc
BAA,Aero International Airlines
BAC,Business Aircraft Corp.
BAH,Brennan & Hargreaves Inc.
BAK,Bankair Inc.
BAN,Bangor International Air
BAQ,Aero Rentas De Coahuila S.A. De C.V.
BAR,Bard-Air Corp.
BAS,Baranautica Air Service LLC
BAT,West Penn Commuter
BAY,Burlington Aeroplane Co.
BBQ,Balair Ag
BC,Skymark Airlines Inc.
BCA,Baja Cortez Airlines
BCQ,Bradley Air Services Ltd.
BD,British Midland Airways Ltd.
BDE,Jet Express
BDQ,Aerotaxis De Aguascalientes S.A. De C.V.
BE,Braniff International Airlines Inc.
BEA,Business Express Airlines
BEL,Bellair Inc.
BEN,Bennington Aviation Inc.
BEQ,Air Belgium
BER,Bering Air Inc.
BES,Aeroservices Executive
BEY,Beyer Aviation
BF,French bee
BFG,Million Air
BFQ,Buffalo Airways Inc.
BG,Biman Bangladesh Airlines
BGQ,Airbus Transport Internat'l
BHK,Blackhawk Airways Inc.
BHO,Bighorn Airways Inc.
BHQ,Turks Air Ltd.
BIA,Big Island Air
BIQ,Servicios Aeronauticos Z S.A. De C.V.
BIR,Birchwood Air Service
BJQ,Taxirey S.A. De C.V.
BKR,Baker Aviation Inc.
BLQ,Air Bvi Limited
BM,Belize Air International Ltd.
BMJ,Bemidji Airlines
BMT,Bremerton Aviation Inc.
BN,Britannia Airways GmbH
BNQ,NetJets Large Aircraft Company L.L.C.
BO,Air Columbus
BOA,Boise Air Service
BOI,Bo-S-Aire Airlines Inc.
BOQ,Transp. Aereos Bolivianos
BQ,Aeromar C. Por A.
BR,Eva Airways Corporation
BRK,Barken International
BRO,Brower Airways Inc.
BRQ,Thomas Cook Airlines Uk Ltd.
BRT,Continental Express
BRW,Barrow Air
BSA,Big Sky Airlines Inc.
BTQ,Brasair Transportes Aereos
BUH,Business Helicopters
BUQ,Wrangler Aviation Inc.
BUR,Burlington Airways Inc.
BW,Caribbean Airlines Limited
BX,Air Busan
BXQ,Spantax S. A.
BY,Britannia Airways Ltd.
BYA,Bay Air
BZQ,"Abaco Air, Ltd."
C1,Aerial Transit Company
C2,Challenge Air Cargo Inc.
C5,"Commutair Aka Champlain Enterprises, Inc."
C6,Canjet Airlines
C8,Cargolux Italia SpA
CA,Air China
CAC,Coleman Air Transport
CAF,California Seaboard
CAI,Crawford Aviation Inc.
CAM,C & M Airlines
CAP,Metro Air Northeast N Y
CAQ,Challenge Air Luftverkehrs GmbH
CAT,Catalina Airlines Inc.
CAV,Air Virginia
CAZ,CAT Aviation
CB,Air One Inc.
CBA,Carriba Air Inc.
CBQ,Copper River Air Taxi
CC,Air Atlanta Icelandic
CCA,Cityhop
CCD,Cascade Airways Inc.
CCO,Chester County Aviation
CCQ,Capital Cargo International
CDQ,Kitty Hawk International
CEA,Corporate Airlines
CEN,Cen-Tex Airlines Inc.
CEQ,All Canada Express
CET,Century Airlines (Cal)
CF,Compan. De Aviacion Faucett
CGA,Chicago Airlines
CGE,Chicago Express Airlines
CGL,Viking International Airlines Inc.
CGO,Chicago Air Taxi
CGQ,Aerochago S.A.
CH,Bemidji Airlines
CHA,Chautauqua Airlines Inc.
CHD,Chandler Flyer
CHE,Charter Airlines
CHF,Hammonds Commuter Air Serv.
CHI,Chitina Air Service
CHL,Channel Flying Inc.
CHO,Choi Aviation Inc.
CHQ,Nomad Aviation AG
CHS,Christman Air System
CHT,Charter One
CI,China Airlines Ltd.
CIQ,A/S Conair
CIS,Cal Sierra Airlines
CJ,Colgan Airways Inc.
CJQ,Air Caribbean
CK,China Cargo Airline
CKI,Inlet Airlines
CL,Capitol International Inc.
CLB,Columbia Pacific Airlines
CLD,Hawaii Pacific Helicopters
CLF,California Air Shuttle
CLQ,Aero Transcolombiana
CM,Compania Panamena (Copa)
CMB,Combs Airways Inc.
CMD,Command Airways Inc.
CMI,Comair Inc.
CMQ,Servicio De Carga Aerea Sa
CMR,Commuter Airlines (Ca)
CMT,"Commutair Aka Champlain Enterprises, Inc."
CNN,Centennial Airlines
CO,Continental Air Lines Inc.
COB,Cotton Belt Aviation Inc.
COC,Cochise Airlines Inc.
COK,Coker Aviation Inc.
COL,Presidential Express
COM,Commutair
COR,Coral Air Inc.
COS,Cosmopolitan Comm. Airline
COT,Southeastern Commuter
COU,Courtesy Air Service Inc.
CP,Alis Cargo Airlines S.P.A.
CPA,Capitol Air Lines
CPC,Coastal Plains Commuter Inc.
CPE,Cape Air
CPQ,Capitol Air Express Inc.
CPT,Capitol Air
CQI,Conquest Airline Corp.
CRA,Commuter Airlines
CRB,Caribair
CRE,Caribbean Express Inc.
CRH,Cresent Medivac
CRN,Crown Aviaiton Inc.
CRO,Crown Airways Inc.
CRP,Corporate Air
CRQ,Conner Air Lines Inc.
CRT,Crested Butte Air Service
CRV,Acropolis Aviation Ltd.
CS,Continental Micronesia
CSA,Casino Airlines
CSK,Catskill Airways Inc.
CSL,Central States Air Lines
CSM,Chisum Flying Service
CSN,Casino Airlines
CSQ,Celtic Tech Jet Ltd.
CSY,Cape Smythe Air Service
CT,Air Atlanta Europe Limited
CTA,Century Airlines
CTH,Cothron Aviation
CTL,Coastal Air Transport
CTQ,Custom Air Transport
CTR,Chartair
CUQ,Caicos Caribbean Airways
CUS,Custom Air Service
CV,Cargolux Airlines International S.A
CVA,Catalina-Vegas Airlines
CVQ,Caraven S.A.
CW,Air Marshall Islands Inc.
CWQ,Canadian Aviation Express
CX,Cathay Pacific Airways Ltd.
CXQ,Casino Express
CYQ,Corse Air International
CZ,China Southern Airlines
CZQ,Aviation Concepts
D7,Air Asia X Berhad dba Airasia X
D8,Norwegian Air International Ltd.
DA,Dan Air Services
DAN,Danbury Airlines
DAU,Dauphin Island Airways
DB,Maleth Aero AOC Ltd.
DBQ,Cordoba Air Cargo
DC,Caribbean Air Cargo Co Ltd.
DE,Condor Flugdienst
DEA,Downeast Airlines Inc.
DEC,Decatur Aviation
DFQ,Condor Flugdienst
DFS,Downeast Flying Service
DH,Independence Air
DHL,DHL Airlines Inc.
DHQ,DHL Aero Expresso
DI,Norwegian Air UK Limited
DIA,Drummond Island Air
DIC,Dickman Aviation Services
DIR,Northern Star
DL,Delta Air Lines Inc.
DM,Maersk Air I/S
DO,Compania Dominicana De Avia
DOL,Dolphin Airways Inc.
DOQ,Aerolineas Dominicanas S A
DPA,Desert Pacific Airways
DPI,Desert Pacific Airlines Inc.
DQ,Coastal Air Transport
DQQ,Caribwest Airways Ltd.
DRQ,Apa International Air S.A.
DSA,Desert Sun Airlines
DSQ,Discovery Airlines
DST,Desert Airlines
DUL,Dulles Express
DUZ,Summit Airlines Inc.
DVO,Devoe Airlines
DWN,Dawn Air
DXA,Dolphin Express
DY,Norwegian Air Shuttle ASA
E0,"EOS Airlines, Inc."
E3,Air Evasion
E7,Estafeta Carga Aereas
E72,European Aviation Air Charter
E8,USAfrica Airways Inc.
E9,Evelop Airlines SL
EA,Eastern Air Lines Inc.
EAI,Executive Aviation Inc.
EAQ,"Executive Airlines, SL"
EAS,Eastern Caribbean Airways
EAT,Eastman Airways Inc.
EAU,Elitavia Malta Limited
EB,WAMOS AIR SA
EBQ,Execaire Aviation Ltd.
ECA,Eagle Airlines
ECI,Eastern Carolina Aviation
ECL,Eclipse Airlines
ECQ,Trans American Charter
ECR,East Coast Airways
ED,Andes
EDE,Ede Aire
EE,Eastern Airlines Group Inc.
EET,Exec Express II
EEX,Exec Express
EEZ,Eagle Aviation Inc.
EFA,Executive Four Winds
EFQ,Trans Europ. Airways France
EG,Japan Asia Airways
EGA,Eagle Airline
EGC,Eagle Canyon Airlines d/b/a Scenic Airlines
EGJ,Eagle Jet Charter
EGL,Eagle Commuter Airlines Inc.
EH,Saeta Airlines
EHA,East Hampton Aire Inc.
EI,Aer Lingus Plc
EIA,East. Indiana Aviation Sale
EJQ,Aeroejecutivos C.A.
EK,Emirates
EKA,Air Pacific Inc.
ELL,Ellis Air Taxi Inc.
EM,Empire Airlines Inc.
EMA,Emerald Airlines
EME,Metro Express
EMP,Empire Airlines Inc.
ENT,Enterprise Airlines Inc.
EO,"Eos Airlines, Inc."
EOQ,Aeroservicios Ecuatorianos
EP,All Star Airlines Inc.
EPA,Empire Airlines Inc.
EQ,Tame Linea Aerea del Ecuador Tme EP
ER,"Astar USA, LLC"
ERA,Era Aviation
ERI,Erie Airways Inc.
ERO,Empire Aero Service
ERQ,Aero Trades (Western) Ltd.
ESQ,Seagreen Air Transport
ET,Ethiopian Airlines
EU,Ecuatoriana De Aviacion
EUQ,Air Atlanta Europe
EV,ExpressJet Airlines LLC d/b/a aha!
EVA,Evanston Aviation
EVQ,Aeroejecutivo S.A.
EW,Eurowings GmbH
EWA,Rio Grande Air
EXA,Columbia Pacific Airlines
EXC,Hapag-Lloyd Executive GmbH
EXP,Express Airlines II
EXQ,Export Air Del Peru S.A.
EXR,Executive Transport
EXT,Executive Air Charter
EY,Etihad Airways
EZ,Evergreen International Inc.
F2,Omega Air Holdings d/b/a Focus Air
F8,Freedom Airlines d/b/a HP Expr
F9,Frontier Airlines Inc.
FAA,Falwell Aviation Inc.
FAC,Falcon Airways Inc.
FAQ,Fast Air Carrier Ltd.
FAR,Federal Armored Service Inc.
FB,Translift Airways Limited
FBI,Young Flying Service
FC,Fast Colombia SAS d/b/a Viva Colombia
FCA,Southern Airlines Inc.
FCQ,Falcon Air Express
FD,Air Puerto Rico Airlines
FDA,Florida Airlines Inc.
FDM,Freedom Airlines Inc.
FDQ,Great American Airways
FE,Primaris Airlines Inc.
FED,Federal Express Corporation
FF,Tower Air Inc.
FFQ,Five Star Airlines
FFS,Frontier Flying Service
FGS,Flagship Airlines Inc.
FH,Frontier Horizon Inc.
FI,Icelandair
FJ,Air Pacific Ltd.
FL,AirTran Airways Corporation
FLA,Florida Air
FLM,Flamenco Airways Inc.
FLR,Flirite Inc.
FM,Federal Express Corporation
FNQ,Fine Airlines Inc.
FOR,Ford-Aire Inc.
FOS,Foster Aviation
FP,TAG Aviation S.A.
FQ,Air Aruba
FRA,Freedom Air
FRS,Four Star Aviation
FRT,Frontier Commuter
FRW,Farwest Airlines
FS,Serv De Trans Aereos Fuegui
FSA,F.S. Air Service
FT,Flying Tiger Line Inc.
FTI,Southern Airways
FVA,Skycraft Inc.
FW,Skybus Inc.
FWA,Far West Airlines
FX,Federal Express Corporation
FXQ,"FOX AIRCRAFT, LLC"
FYB,Flying Boat
FYQ,Flying Group Lux S.A.
G3,VRG Linhas Aereas S A
G4,Allegiant Air
G7,GoJet Airlines LLC d/b/a United Express
G9,Grant Aviation
GA,P.T. Garuda Indonesian Arwy
GAL,Galena Air Service
GAQ,Galaxy Airlines Inc.
GAS,General Aviation Inc.
GAT,Gulf Air Taxi
GAV,Gromer Aviation Inc.
GBA,Central States Airline
GBQ,G5 Executive Ag
GCA,"Global Crossing Airlines, Inc."
GCH,Grand Canyon Helicopters
GCQ,Glock Aviation GmbH
GCS,Midway Commuter
GD,Transp. Aereos Ejecutivos
GDW,Golden West Airlines Inc.
GE,Lufthansa Cargo Airlines
GEQ,"Gestair, S.A."
GF,Gulf Air Company
GFC,Gulf Flite Center
GFQ,Gulf And Caribbean Cargo
GG,"Cargo 360, Inc."
GH,Ghana Airways Corporation
GHA,Green Hills Aviation Ltd.
GIQ,Global International Airways Corp.
GJ,Eurofly S.p.A
GJQ,GainJet Ireland Ltd
GKQ,Laker Airways
GL,Miami Air International
GLA,Great Lakes Aviation Ltd.
GLF,Gulfstream Int
GLQ,Allegiant Air
GLW,Golden West Airlines Co.
GM,Air America
GMA,Green Mountain Airlines Ltd.
GOF,Copper State Airlines
GPA,GP Express Airlines
GQ,Big Sky Airlines Inc.
GR,Gemini Air Cargo Airways
GRA,Gorda Aero Service
GRD,Grand Canyon Airlines
GRO,Isle Royale Seaplane Serv.
GRT,Grant Aviation
GS,Grant Aviation
GSA,Golden Gate Airlines Inc.
GSC,GCS Air Service
GSL,Golden South Airlines Inc.
GSQ,Global Supply System
GST,Golden State Airlines
GTQ,Galistair Trading Ltd
GU,"Aviateca, S.A."
GUL,Gull Air Inc.
GUN,Gunnel Aviation Inc.
GV,Grant Aviation
GW,SkyGreece Airlines S A
GWA,Great Western Aviation
GWE,Ross Aviation Inc.
GX,Air Ontario Limited
GY,Guyana Airways Corporation
H2,City Bird
H5,Magadan Airlines
H6,Hageland Aviation Service
H7,Venture Travel LLC d/b/a Taquan Air Service
H8,Sky Airline Peru
HA,Hawaiian Airlines Inc.
HAG,Hageland Aviation Service
HAQ,Hamilton Jetport Limited
HAR,Friendship Air Alaska
HB,Homer Air
HBQ,Harris Air Services
HC,Air Senegal S.A
HCQ,Av Atlantic
HDQ,Aero Feliz
HEL,Helitrans
HEP,Hub Express
HER,Markair Express
HET,Helitac Aviation
HEU,Heussler Air Service Corp
HFQ,Haiti Air Freight Intl
HFS,Hensley Flying Service Inc.
HIQ,Business Flights Ltd.
HJ,Air Haiti S. A.
HK,Time Air Sweden Ab
HLQ,Heavylift Cargo Airlines Lt
HMZ,Long Island Airlines
HNA,Piedmont Airlines
HNQ,Haiti National Airlines
HNS,Haines Airways
HO,Mid Pacific Airlines Inc.
HOL,Holiday Airlines Inc.
HOQ,Holidair Airways
HOR,Iowa Airlines
HOZ,Horizon Air
HP,America West Airlines Inc.
HPZ,Pacific Coast Airlines
HQ,Harmony Airways
HQQ,Harlequin Air Corporation
HRA,Trans-National Airlines Haw
HRG,Heritage Airlines
HRQ,Tar Airlines
HRZ,Allegheny Airlines
HSV,Harbor Air Service
HSZ,Scenic Airlines Inc.
HU,Hainan Airlines Company Limited
HUB,Skystream Airlines
HVQ,Transavia Holland B. V.
HWK,Hawking Corporation
HX,Hong Kong Airlines Limited
HY,Uzbekistan Airways
HYA,Hyannis Aviation
HYP,Hyperion Aviation Ltd. dba Hyperion
I4,Scott Air LLC dba Island Air Express
IA,Iraqi Airways
IAS,Island Air Service
IAT,Iliamna Air Taxi
IB,Iberia Air Lines Of Spain
ICF,Iowa City Flying Service
ICH,Island Air Charters
ICQ,Iscargo Hf
IDQ,Intl Air Service Co. Ltd.
IEX,Island Air Express
IFQ,FAI rent-a-jet AG
IG,Airitaly S.P.A.
IGA,"Global Jet Austria, GmbH"
III,Idee Industries Inc.
IJ,Great Wall Airlines Company Limited
IKQ,Tradewinds Airways Ltd.
ILL,Air Illinois Inc.
IMP,Imperial Airlines Inc.
IN,Aerlinte Eireann Teoranta
INA,Inland Empire Airlines Inc.
IND,Indiana Airways Inc. (Pa)
INL,Inland Aviation Services
INQ,Independent Air Inc.
IOW,Iowa Airways
IPI,Indo-Pacific International
IPQ,Aruba Cargo
IPS,Island Express
IR,Iran National Airlines Corp
IRQ,Interstate Airlines Inc.
IS,Island Airlines Inc.
ISL,Island Airlines
ITQ,Interamericana De Aviacion
IW,Air Liberte Aka Aom Minerve
IXQ,Inair
J2,Azerbaijan Airlines CJSC
J5,Kalinin Aviation LLC d/b/a Alaska Seaplanes
J6,Larrys Flying Service
J7,Valujet Airlines Inc.
JAG,JetAlliance Flugbetriebs d/b/a JAF Airservice
JAM,Sunbelt Airlines Inc.
JAQ,Jamaica Air Freighters
JB,Helijet International Inc.
JCM,Air Chico
JCO,Concierge U Ltd. d/b/a Jet Concierge Club
JCQ,Jet Connection Businessflight Ag
JCZ,Rocky Mountain Airways Inc.
JD,Beijing Capital Airlines
JER,Jer-Don Air
JF,L.A.B. Flying Service Inc.
JH,Amerijet International
JI,Jade Cargo International
JIQ,Jet Fleet Intl. Airlines
JJ,Transportes Aeros Meridiona
JK,Spanair S.A.
JKQ,Express One International Inc.
JL,Japan Air Lines Co. Ltd.
JM,Air Jamaica Limited
JMA,Jim Air Inc.
JN,Excel Airways
JO,Jalways Co. Ltd.
JQ,Jetstar Airways Pty Limited
JR,Aero California
JTA,Jetaire Airlines Inc.
JU,Air Serbia
JVQ,Prince Aviation
JW,Arrow Air Inc.
JX,STARLUX AIRLINES
JXQ,Allarco Developments Ltd.
JZ,Japan Air Charter Co. Ltd.
K2,"Paklook Air, Inc d/b/a/ Airlift Alaska d/b/a/ Yute Commuter Service"
K3,Venture Travel LLC d/b/a Taquan Air Service
K5,"Seaport Airlines, Inc."
K7,Arizona Express
K8,"Caribbean Sun Airlines, Inc. d/b/a World Atlantic Airlines"
KA,Hong Kong Dragonair
KA1,"Kenmore Air Express, LLC (subsidiary of Kenmore Air Harbor)"
KAH,Kenmore Air Harbor
KAI,Knight Airlines Inc.
KAQ,Kalitta Air LLC
KAT,Katmai Air
KB,Haiti Air
KD,Western Global
KE,Korean Air Lines Co. Ltd.
KEA,Keene Airways
KEE,Key Airlines
KEQ,Key Airlines Inc.
KET,Ketchikan Air Service
KFQ,Skyfirst Limited
KFS,King Flying Service
KH,Aloha Air Cargo
KI,Time Air Ltd.
KIN,Golden Pacific Airlines
KKQ,Transmeridian Air Cargo Ltd.
KL,Klm Royal Dutch Airlines
KLQ,Kalitta Charters II
KM,Air Malta
KN,Morris Air Corporation
KO,Alaska Central Express
KOD,Kodiak Airways Inc.
KP,Kiwi International
KQ,Kenya Airways PLC
KR,Kitty Hawk Aircargo
KS,Peninsula Airways Inc.
KTQ,Turks Air Ltd.
KU,Kuwait Airways Corp.
KV,Sky Regional Airlines Inc.
KW,Carnival Air Lines Inc.
KWQ,Kelowna Flightcraft Air Cha
KWZ,Crown Air
KX,Cayman Airways Limited
KXQ,Cayman Airways Limited
KXZ,Chaparral Airlines Inc.
KZ,Nippon Cargo Airlines
L2,Lynden Air Cargo Airlines
L3,Lynx Aviation d/b/a Frontier Airlines
L4,Lynx Aviation d/b/a Frontier Airlines
L7,Lan Colombia
LA,Lan-Chile Airlines
LAA,La Skycab Airline
LAB,L.A.B. Flying Service Inc.
LAH,La Helicopter
LAN,Lancer Aviation Inc.
LAP,Lapsa
LAR,Laredo Air
LAS,Lake Union Air Service
LAW,Lawrence Aviation
LB,Lloyd Aereo Boliviano S. A.
LBQ,Millon Air Inc.
LC,Varig Logistica S/A
LCQ,Latcr
LCT,Lake Coastal
LDM,Laudamotion GmbH
LDQ,Sparfell Luftfahrt GmbH
LEQ,Le Point Air
LEX,L'Express
LF,CFM Inc d/b/a Contour Airlines d/b/a One Jet Shuttle
LFS,Larrys Flying Service
LG,Luxair
LGQ,Lineas Aereas Allegro
LH,Lufthansa German Airlines
LHA,Havasu Airlines
LIQ,Liat (1974) Limited
LJ,Jin Air Co Ltd.
LKN,Loken Aviation
LLA,Lakeland Aviation
LM,Alm Antillean Airlines
LMQ,Luxaviation EA
LNQ,Aerolineas Latinas
LO,Polskie Linie Lotnicze
LOQ,Lorair Ltd.
LOS,Aero Commuter
LP,Lan Peru Airlines
LR,Lacsa
LRQ,Air Liberte
LS,Jet2.com
LSQ,Lineas Aereas Suramerican
LSZ,Alaska Island Air Inc.
LT,Luftransport-Unternehmen
LU,Air Atlantic Dominicana
LUQ,Lineas Aereas La-Tur Sa
LV,OPENSKIES SAS
LVA,Las Vegas Airlines
LW,Pacific Wings Airlines
LX,Swiss International Airlines
LXQ,Luxaviation Germany GmbH
LY,El Al Israel Airlines Ltd.
LZ,Balkan Bulgarian Airlines
LZQ,Leisure International Airways Ltd.
M2,MHS Aviation GmbH
M3,ABSA-Aerolinhas Brasileiras
M6,Amerijet International
M7,Aerotransportes Mas De Crga
MA,Malev Hungarian Airlines
MAA,Maui Airlines
MAC,Mackey International Inc.
MAE,Mid-Atlantic Exp. Airlines
MAG,Magum Airlines
MAI,The Maui Commuter
MAQ,Millardair Limited
MAR,Marshall's Air Inc.
MAS,Mesa Airlines Inc.
MAV,Maverick Airways
MAX,Maxair Inc.
MB,Samoa Airlines Inc.
MC,Transtar Airlines Corp.
MCO,Mid Continental Airlines In
MDC,Midcontinent Airlines
MDQ,Aerotransportes Mas De Crga
MDU,Metro Airlines
ME,Middle East Airlines S.A.L.
MEA,Manhattan Express
MES,Mesaba Airlines
MET,Metroplex Airlines
MEX,Metro Express 11
MF,"Xiamen Airlines Co., Ltd."
MG,Champion Air
MGQ,Montana Austria Flugetrieb
MH,Malaysian Airline System
MHK,Mohawk Airlines
MHO,Mahalo Air
MIN,Minuteman Aviation Inc.
MIS,Midstate Airlines Inc.
MIW,Airborne Express Inc.
MIY,Midway Aviation Inc.
MJ,Lapa-Lineas Aereas Privadas
MKQ,Airmark Corporation
ML,Aero Costa Rica
MLL,Miller Air Transportersinc
MLX,Merlin Express
MM,Euro Atlantic Airways
MM2,Euro Atlantic Airways
MMH,Ocean Airways Inc.
MMQ,Miami Air International
MNA,M & N Aviation
MNZ,Cumberland Airlines
MOQ,Morningstar Air Express
MP,Martinair Holland N.V.
MPA,Mid Pacific Airlines Inc.
MPC,Mid Pacific Air Corp.
MQ,Envoy Air
MRC,Marco Island Airways Inc.
MRQ,"National Air Cargo Group, Inc. d/b/a Murray Air"
MRR,Merrimack Aviation Inc.
MS,Egyptair
MSQ,Martinair Holland N.V.
MST,Midwest Aviation
MT,Thomas Cook Airlines Uk Ltd.
MTA,Arkansas Traveler Airline
MTR,Metroflight Airlines
MTV,Mst Aviation
MTX,Mountain Air Express
MU,China Eastern Airlines
MUA,Manu'a Air Transport
MUQ,Aerolineas Mundo
MVA,Mississippi Valley Airlines
MVQ,Aom Minerve S.A.
MW,"Mokulele Flight Services, Inc."
MWA,Mountain West Airlines
MWQ,Minerve Canada
MX,Breeze Aviation Group DBA  Breeze
MY,MAXjet
MYQ,Lineas Aereas Mayas (Lamsa)
MZ,P.N. Merpati Nusantara Air.
N3,Vuela EL Salvador S.A. de C.V.
N5,Skagway Air Service
N6,Aero Continente
N7,National Airlines
N8,National Air Cargo Group Inc d/ba National Airlines
NA,North American Airlines
NAC,National Air Commuter Inc.
NAP,Npa Inc.
NAQ,Nationair
NAS,Nasville Eagle
NAT,National Air
NB,Sterling Cargo
NBQ,Sterling Airways A/S
NC,Northern Air Cargo Inc.
NCA,National Commuter Airlines
NCE,Northcoast Executive
NCP,Colgan Air
ND,Intair
NEB,New Born Wings Inc.
NEC,Nor East Commuter Airlines
NEQ,North East Cargo Airlines
NER,Northeast Express Regional
NET,Nacnet
NEV,Nevada Airlines
NEW,New England Airlines Inc.
NEX,Northeast Express Regional
NFA,National Florida Airlines
NFQ,North Cariboo Flying Serv.
NG,Lauda Air Luftfahrt Ag
NGL,Northern Eagle Airways Inc.
NH,All Nippon Airways Co.
NHA,Newair Flight Inc.
NI,Lanica
NIQ,AVCON JET MALTA LTD
NJ,Vanguard Airlines Inc.
NJA,N. J. Merrimack Airlines
NJE,"NetJets Transportes Aereos, S.A."
NJQ,Romcargo Airline S.R.L
NK,Spirit Air Lines
NKQ,Norcanair
NLQ,Nolinor Aviation
NN,Northward Airlines Ltd.
NOQ,Novair Airlines Ab
NOS,Neos S.P.A
NPA,North Pacific Airlines Inc.
NPT,E. J. A. Newport Inc.
NQ,Air Japan Co
NRN,Northern Airlines Inc.
NRQ,"Conifair Aviation, Inc."
NSQ,North Coast Air Services
NTH,Northaire
NTQ,National Aviation Consult.
NTX,Grand Airways Inc.
NUM,Lake State Airways
NUQ,Air Niugini
NVQ,Novair International Airways Ltd.
NVX,Nevis Express
NW,Northwest Airlines Inc.
NWQ,N. W. Territorial Airways
NWS,Northwest Seaplanes
NXQ,North Vancouver Air
NY,New York Air Inc.
NYH,New York Helicopter Corp.
NZ,Air New Zealand
O6,Oceanair Linhas Aereas S A
OA,Olympic Airways
OAK,Harbor Airlines Inc.
OAL,Orlando Air Link
OAS,Olson Air Service
OB,Oasis International Airlines S.A.
OC,Air California Inc.
OCR,Ocean Reef Airways Inc.
OD,Emerald Airlines Inc.
OE,Westair Airlines Inc.
OF,Air Finland Ltd.
OFF,Offshore Logistics
OG,Fly PLAY ehf
OGZ,Flying Boat Inc.
OH,PSA Airlines Inc.
OHA,Omaha Aviation
OHZ,Caribbean Air Services Inc.
OI,Prestige Airways
OIZ,Corporate Air Inc.
OJ,Fly Jamaica Airways Limited
OK,Czech Airlines
OMH,Omniflight Helicopters
OMI,Omniflight Airways
OMK,Omak Aviation Airlines
OMN,Omni Pacific Airline
OMQ,Quassar De Mexico
ON,Air Nauru
ONQ,Nunasi-Central Airlines Ltd.
OO,SkyWest Airlines Inc.
OOZ,Sun Aire Lines
OP,Flying Boat Inc.
OPQ,Orion Air
OQ,Royale Airlines Inc.
OR,TUI Airlines Nederland B.V.
ORI,Orion Air Inc.
OS,Austrian Airlines
OTT,Otter Air
OV,Aeromaritime
OW,Executive Airlines
OWQ,Ontario Worldair Limited
OWS,Air Kentucky Air Lines
OZ,Asiana Airlines Inc.
OZA,Ozark Air Lines Inc.
P3,Cargologicair Limited
P9,Pro Air Inc.
PA,Florida Coastal Airlines
PAF,Pathfinder Aviation
PAI,Permian Airways Inc.
PAM,Boston-Maine Airways
PAQ,Patriot Airlines Inc.
PAR,Sum Air Services
PAT,Panorama Air Tours
PAV,Pacific Island Aviation
PBA,Provincetown Boston
PBQ,Privatair
PCA,Piasa Commuter Airlines
PCL,Pacific Cal Air
PCQ,Pace Airlines
PCR,Pacair
PD,"Porter Airlines, Inc."
PDA,Trans Southern Airways
PDQ,Antigua Paradise Airways
PE,Air Europe S.P.A.
PEA,Pearson Aircraft
PEQ,SkyLink Express Inc.
PER,Air Pennsylvania
PET,Petro Aviation Corp.
PF,Primera Air Scandinavia
PFA,Pacificair
PFQ,Asia Pacific
PH,Polynesian Airlines Ltd.
PHL,Phillips Airlines
PHR,Pinehurst Airlines Inc.
PHX,Phoenix Airlines
PI,Piedmont Aviation Inc.
PIA,Pacific Island Airways
PIQ,Pacific International Airlines
PJQ,Private Jet Expeditions
PK,Pakistan International Airlines
PKQ,Skyworld Airlines Inc.
PL,Aero Peru
PLA,Planes Inc.
PLQ,Planet Airways
PLZ,Polar Airways Inc.
PM,"Prescott Support Company, Inc."
PMA,Pacific Missionary Aviation
PMT,Pilgrim Aviation & Airlines
PN,Pan American Airways Corp.
PNA,Peninsula Airways Inc.
PNM,Panama Aviation
PNQ,Panagra Airways
PNR,Pioneer Airways
PNS,Pine State Airlines
PO,Polar Air Cargo Airways
POA,Potomac Air
POC,Pocono Airlines Inc.
POL,Polar International
POM,Pompano Airways
PON,Ponderosa Aviation Inc.
POQ,Polyot Airlines
PP,Jet Aviation Business Jets AG
PPQ,Propair
PPR,Propair
PR,Philippine Airlines Inc.
PRA,Princeton Aviation Corp
PRD,Paradise Island Airlines
PRH,Promech
PRM,Prime Air Inc.
PRN,Puerto Rico Intl Airlines
PRO,Sundance Airlines
PRP,Propheter Aviation
PRQ,Florida West Airlines Inc.
PRR,Pro Air Services
PRV,Aloha Island Air
PS,Ukraine International Airlines
PSA,P.S. Air Freight Inc.
PSQ,Presidential Air Airlines
PT,Piedmont Airlines
PTQ,Pontair Ltd.
PU,Primeras Lineas Uruguays For International
PUQ,Aeropuma
PV,Eastern Provincial Airways
PVA,Precision Valley Aviation
PW,Pacific Western Airlines
PY,Surinam Airways Limited
PZ,Lineas Aereas Paraguayas
Q2,Zambia Airways Corp.
Q4,"Master Top Linhas Aereas, Ltda."
Q5,40-Mile Air
Q6,"Vuela Aviacion, S.A."
Q7,SkyBahamas Airlines Ltd.
QA,"Aerovias Caribe, Sa De Cv"
QB,Inter-Quebec (Intair)
QD,Grand Airways Inc.
QF,Qantas Airways Ltd.
QG,Sky West Aviation Inc.
QH,Air Florida Inc.
QK,Jazz Aviation LP
QN,Royal Air
QO,Aeromexpress
QOZ,Bar Harbor Airways
QQ,Reno Air Inc.
QR,Qatar Airways (Q.C.S.C)
QS,"Travel Service, a.s. d/b/a SmartWings"
QT,Transportes Aereos Mercantiles Panamericanos S.A
QTQ,Aer Turas Teoranta
QWE,Qwest Commuter
QX,Horizon Air
QY,European Air Transport Leipzig GmbH
QZ,"Zambia Airways, Corp."
R0,Tantalus Air Ltd. d/b/a Harbour Air d/b/a Harbour Air Seaplanes
R2,Orenburg Airlines
R3,Air Company Yakutia
RAI,Trans States Airlines
RAL,Royal-Air Ltd.
RAN,Pan Am Express
RAQ,Arista International Airlines Inc.
RAY,Royale Airlines Inc.
RB,Syrian Arab Airlines
RC,P/F Atlantic Airways
RCA,Mid-South Aviation Inc.
RD,Ryan International Airlines
RDR,Rader Aviation
RDW,Redwing Airways
RE,Aeronautica De Cancun
REA,Realwest Airlines
RED,Aerosun International Airlines Inc.
REP,Republic Airlines
REQ,Renown Aviation
RES,Resort Airlines Inc.
REX,Express Airlines Inc.
RG,Varig S. A.
RGQ,Regency Air
RHA,Royal Hawaiian Airways Inc.
RI,Airpac Inc.
RIA,Trump Air
RIC,Richardson Aviation
RID,Indiana Airways Inc. (Reid
RIO,Rio Airways Inc.
RIQ,Rich International Airways
RIV,Riverside Air Service
RJ,Alia-(The) Royal Jordanian
RJS,Michigan Airways Inc.
RK,Air Afrique
RL,UltrAir
RLQ,Reliant Airlines
RMH,Rocky Mountain Helicopters
RMV,Ram Aviation
RNQ,Mytravel Airways
RO,Tarom Romanian Air Transpor
ROA,Royal West Airways Inc.
ROE,Roederer Aviation Inc.
ROQ,Aero Uruguay
ROS,Great Western Airlines Inc.
ROY,Royal American Airways Inc.
RP,Chautauqua Airlines Inc.
RRT,Air Freight Express
RS,Sky Regional Airlines Inc.
RSC,Resort Commuter
RSQ,Aerotransportes Entre Rios
RSV,Air-Serve
RTQ,Aerotour Dominicano Cxa
RU,AirBridgeCargo Airlines Limited
RV,Air Canada rouge LP
RVA,Reeves Air
RVQ,"Reeve Air Alaska, LLC"
RW,Republic Airlines
RWG,Air Rovers Inc.
RXQ,Regency Express
RY,Redcoat Air Cargo Limited
RYA,Arctic Transportation
RYQ,Ryan International Airlines
RZZ,Aeromech Inc.
S3,"Santa Barbara Airlines, C.A"
S4,Sata Internacional
S5,Shuttle America Corp.
S6,Star Air A/S
SA,South African Airways
SAC,Sundorph Aeronautical Corp.
SAH,Sea Air Shuttle
SAI,Seair Alaska Airlines Inc.
SAJ,Sajen Air Inc.
SAL,Sallee's Aviation
SAM,Samoan Airlines Inc.
SAQ,Southern Air Transport Inc.
SAS,Air Cortez International
SAX,Air Americana
SBA,Saber Aviation Inc.
SBN,Suburban Airlines
SBQ,Skyjet S.A.
SCN,Scott Aviation
SCO,Seaco Airlines Inc.
SCT,Skyline Airlines
SCY,South Coast Airways
SDQ,St. Lucia Airways Limited
SE,XL Airways France
SEA,SkyWest Airlines Inc.
SEB,"Seaborne Virgin Islands, Inc."
SEG,Seagull Air Service
SEM,Semo Aviation Inc.
SEP,Southern Express Airways
SEQ,Sky Service F.B.O.
SER,Service Aviation Inc.
SFI,Stahmannfarms Inc.
SFO,Sfo Helicopter Airlines Inc.
SFQ,Pacific International Airlines Inc.
SFS,Sierra Flite Service Inc.
SG,Jetsgo
SH,Servicio Aereo De Honduras
SHA,Shuttle America Corp.
SHS,Shasta Air Inc.
SHV,Shavano Air Inc.
SI,Sierra Pacific Airlines
SIA,Silver State Airlines
SIM,Simmons Airlines
SIQ,Premiair
SJA,San Juan Airlines Inc.
SJQ,Skycharter (Malton) Ltd.
SK,Scandinavian Airlines Sys.
SKB,Smokey Bay Air Inc.
SKG,Skagway Air Service
SKI,Sunbird Inc.
SKJ,Sky-Jet
SKL,Bas Airlines
SKM,Scheduled Skyways
SKS,Silver Kris Services Ltd.
SKT,Skytrain
SKW,Skyway Airlines
SLA,Mountain Bird/Salmon Air
SLO,Slocum Air Inc.
SLQ,Sky King Inc.
SLR,Salair
SLZ,Southeast Airlines Inc.
SM,Sunworld International Airlines
SMC,Stopher Mechanical Inc.
SMO,Samoa Aviation Inc.
SMQ,Serv. Aerolineas Mexicanas
SN,Brussels Airlines N.V.
SNA,Aviation Associates
SNB,Ccair
SNC,Gelco Courier Services Inc.
SNE,Shawnee Airlines
SNK,Spernak Airways Inc.
SNV,Sierra Nevada Airways
SO,Swiss World Airways
SOA,Mall Airways Inc.
SOE,Sky One Express
SOL,Soonair Lines Inc.
SOP,South Pacific Island Airway
SPF,Springfield Air Service
SPG,Springdale Air
SPH,Spirit Helicopter
SPQ,Sun Pacific International
SPR,Sportsman Flying Service
SQ,Singapore Airlines Ltd.
SR,Swissair Transport Co. Ltd.
SRA,Star Aviation
SRL,Sterling Air Service
SS,Corsair International
SSA,S. S. Airways Inc.
SSP,Southern Seaplane
SSQ,Superior Airways Limited
SSS,Sierra Express Inc.
SST,Seaplane Shuttle Transport
ST,Belize Airways Limited
STA,State Airlines Inc.
STF,Trans East International
STG,Sedalia Marshall Boonvl Stg
STL,Westair Airlines Inc.
STQ,Skycraft Air Transport Inc.
STR,Star Aviation Corporation
STW,Stateswest Airlines
STZ,Air America Inc.
SU,Aeroflot Russian Airlines
SUA,Sunshine Airlines
SUI,Sun International Airways
SUT,Sunbelt
SUX,Sunair Express LLC
SV,Saudi Arabian Airlines Corp
SVA,Servant Air Inc.
SVL,Sun Valley Airlines
SVW,"Global Jet Luxembourg, Sa"
SWA,Sunwest Airlines
SWT,Swift Aire Lines Inc.
SX,"Skybus Airlines, Inc."
SXP,Sierra Expressway
SXQ,Serv De Trans Aereos Fuegui
SY,Sun Country Airlines d/b/a MN Airlines
SYB,Skybus Express Airlines
SYM,Skymaster
SYQ,Sun Country Airlines
SZQ,Aerolineas El Salvador S A
T3,Tristar Airlines Inc.
T7,Translift Airways Limited
T9,TransMeridian Airlines
TA,Taca International Airlines
TAC,Air Colorado
TAF,Tri Air Freight
TAL,Tejas Airlines Inc.
TAN,Tanana Air Service
TAQ,Taquan Air Service
TAS,Yosemite Airlines Inc.
TAT,Talarik Creek Air Taxi
TB,TUI Airlines Belgium N.V. d/b/a Jetairfly
TBQ,Triair Bermuda Flt Operations
TCA,Trans Catalina Airlines
TCE,Oceanair Line
TCI,Trans California Airlines
TCL,Trans-Central Airlines Inc.
TCO,Trans-Colorado Airlines
TCQ,Express.Net Airlines
TDQ,Venexcargo
TE,Air New Zealand
TEN,Tennessee Airways Inc.
TEQ,TAG Aviation (Malta) Ltd.
TER,Terre Haute Air Commuter
TFQ,Trans International Airlines Inc.
TFZ,Tri-State Airlines Inc.
TG,Thai Airways International Ltd.
TGO,Trans Air Cargo Inc.
TGQ,Tranps Aereos Guatemaltecos
TH,Transmile Air Service
THA,Tropical Helicopter Airways
THO,Thorson Aviation
THQ,T-Bird Air Inc.
TIA,Trans Air Inc.
TIE,Trans International Express
TIQ,Tyrolean Jet Service
TIS,Skyfreight
TJ,Jet Charter Service Inc.
TK,Turk Hava Yollari A.O.
TKQ,Trans-Air-Link Corporation
TLQ,Trans-Mediterranean Airways
TMA,Trans Mo Airlines
TMQ,Transportes Aereos Mercantiles Panamericanos S.A
TN,Air Tahiti Nui
TNQ,Emery Worldwide Airlines
TNS,Transtate Aviation
TP,Tap-Portuguese Airlines
TPQ,Aerial Transit Company
TQ,"Tailwind Air, LLC"
TQA,Venture Travel LLC d/b/a Taquan Air Service
TQQ,Taca Peru
TR,Scoot Tigerair Pte Ltd d/b/a Scoot
TRA,Aeromexico Travel
TRI,Great Plains Airlines Inc.
TRO,Air Molakai
TRP,Trans Pennsylvania Airlines
TRQ,Blue Scandinavia Ab
TRR,Territorial Airlines
TS,Air Transat
TSA,Sierra Pacific Airlines
TSF,American Central Airlines
TSI,Trans Sierra Airlines Inc.
TSQ,TPI International Airways
TTD,Tatonduk Outfitters Limited d/b/a Tatonduk Flying Service
TTM,The Time Machine
TTQ,Canada 3000 Airlines Ltd.
TUL,Tulsair Beechcraft Inc.
TUR,Turner Aire
TV,Haiti Trans Air
TVL,Travelair
TW,Trans World Airways LLC
TWA,Trans Western Airlines Utah
TWE,Trans World Express
TWQ,Air Transat
TX,Soc.Nouvelle Air Guadeloupe
TXA,Texas National Airlines
TXE,Trans Air (Hawaii)
TXQ,British Caribbean Airways
TXY,Texas Airways
TYE,Temsco Airlines
TZ,ATA Airlines d/b/a ATA
TZQ,First Choice Airways
U2,UFS Inc.
U5,USA 3000 Airlines
U7,USA Jet Airlines Inc.
UA,United Air Lines Inc.
UAI,Universal Airways Inc.
UC,Ladeco
UD,Fast Air Carrier Ltd.
UF,Servcs Aereos Rutas Oriente
UH,US Helicopter Corporation
UMQ,Air Manila Inc.
UN,Transaero Airlines
UNQ,Overseas National Airways
UO,Hong Kong Express Airways Limited
UP,Bahamasair Holding Limited
UR,Empire Airlines Inc.
URQ,Aero Uruguay
US,US Airways Inc.
USA,Air U.S.
USQ,USA 3000 Airlines
UT,Union De Transports Aeriens
UTQ,Universal Airlines Inc.
UX,Air Europa
UXQ,Air Europa
UYQ,Aerolineas Uruguayas S.A.
V4,Vensecar International
V5,J.D.Valenciana De Aviation
V6,CLAIRMONT HOLDINGS d/b/a VI AIRLINK
V8,Iliamna Air Taxi
V9,Eagle Airlines
VA,Virgin Blue International Airlines t/a V Australia
VAG,Vagabond Aviation Inc.
VAL,Vieques Air Link Inc.
VAQ,Vacationair
VAS,Valley Air Services
VB,"Aeroenlaces Nacionales, S.A. de C.V. d/b/a VivaAerobus"
VC,Servicios Avensa
VCQ,Victory Air Transport Inc.
VE,Aerovias Venezolanas-Avensa
VEE,PSA Airlines Inc.
VER,Britt Airlines Inc.
VEZ,Valdez Airlines
VH,Fast Colombia SAS d/b/a Viva Colombia
VI,Vieques Air Link Inc.
VIA,Air St. Thomas
VIG,Viking Express
VIN,Vale International Airlines
VIQ,Volga-Dnepr Airlines
VIS,Virgin Islands Seaplane
VJT,VistaJet Limited
VK,Air Tungaru Corporation
VL,Mid-South Aviation Inc.
VLA,Village Aviation
VLY,Valley Airlines
VNA,Vietnam Airline
VOQ,Avalon Aviation Ltd.
VP,Viacao Aerea Sao Paulo
VPJ,Vintage Props & Jets Inc.
VQ,Vintage Props & Jets Inc.
VR,Transportes Aereos De Cabo
VS,Virgin Atlantic Airways
VSA,VistaJet Luftfahrtunternehmen GmbH
VV,Aerosvit Ukranian Airlines
VW,Transportes Aeromar S.A de C.V
VX,Virgin America
VY,Highland Express Airways
VYQ,Voyager Airways
W3,Arik Air International
W4,"Mn Aviation, Inc."
W7,Western Pacific Airlines
W8,Cargojet Airways Ltd.
W9,Eastwind Airlines Inc.
WA,Worldwide Airlines Services
WAC,Air East Airlines
WAI,Wise Airlines Inc.
WAL,Warbelow
WAP,Arrow Panama
WAQ,Air Charter Systems (Acs)
WAR,Waring Air
WAS,Wright Air Service
WAW,Westward Airways Inc.
WB,"Air Greco, Inc., d/b/a Wings Air"
WC,Wien Air Alaska Inc.
WCA,Walker's International
WCI,Mountainwest Airlines
WD,Halisa Air
WDQ,Wardair Canada Inc.
WE,Centurion Cargo Inc.
WEB,Southeast Alaska Airlines
WEQ,Aero-Services-Corporate
WES,Western Star Airlines Inc.
WET,Western Charter Inc.
WFL,World2Fly SLU
WFS,Wheeler Airlines
WFT,Westflight Aviation
WG,Sunwing Airlines Inc.
WGL,Wrangell Air Service
WGQ,Gateway Aviation Limited
WGT,Volkswagen AirSevice GmbH dba Volkswagon
WI,Sky Lease Cargo
WIA,Wisc Air
WIL,Will's Air
WIR,Williams Air Inc.
WIS,Air Wisconsin Inc.
WL,"Caribbean Sun Airlines, Inc. d/b/a World Atlantic Airlines"
WLB,Wilburs Inc.
WLH,Welch Aviation
WLQ,Worldwide Airlines Inc.
WM,Windward Islands Airways
WMA,WRANGELL MOUNTAIN AIR INC.
WN,Southwest Airlines Co.
WNG,Wings Airways
WNQ,Winair Inc.
WO,SWOOP Inc.
WOA,Wings Of Alaska
WOQ,Winnport Logistics
WP,Island Air Hawaii
WPT,World2Fly Portugal SA
WR,WestJet Encore Ltd.
WRA,Wra Inc.
WRB,40-Mile Air
WRD,Ward Air
WRT,Wright Airlines Inc.
WS,Westjet
WSK,AAR Western Skyways
WST,Friday Harbor Seaplanes
WSU,Mission Air
WT,Nigeria Airways Ltd.
WTA,Westates Airlines
WV,"Air Greco, Inc., d/b/a Wings Air"
WW,WOW Air ehf
WWI,Wings West Airlines
WWQ,Worldways Canada Ltd.
X3,Hapag-Lloyd Express GmbH
X4,Air Excursions LLC
X7,Challenge Airlines (BE) S.A.
X9,Omni Air International LLC
XAA,Aero Union Corp
XAB,Air Polynesia d/b/a DHL Cargo
XAC,Air Express International Airlines
XAE,Amerford Airways Inc.
XAF,Astro-Wing Airlines Inc.
XAG,Ball Brothers Inc.
XAH,Hawaii Pacific Air
XAI,Burlington Northern Inc.
XAJ,Central American International
XAK,Century Airlines Inc.
XAL,Challenge Air Transport Inc.
XAM,Cohlmia Aviation
XAN,Conner Air Lines Inc.
XAO,Dallas Flight Center
XAQ,Cam Air International Inc.
XAR,Jet Way Inc.
XAS,Klondike Air Inc.
XAT,Michigan Peninsula Airways
XAU,Flight Line Inc.
XAW,Northern Air Cargo Inc.
XAY,Pat Air
XAZ,Purolator Sky Courier Inc.
XBC,Jet East Inc.
XBD,Trans Continental Airlines
XBE,United Parcel Service
XBF,WTC Airlines
XBH,Profit Airlines Inc.
XBI,CF Air Freight
XBJ,International Air Service
XBL,Interstate Airlines Inc.
XBM,Phh Air Inc.
XBP,Circle Airfreight Corp.
XBQ,Aeronaves De Puerto Rico
XBR,Allstates Air Cargo Inc.
XBT,Pacific Alaska Airlines Inc.
XBV,Nal Inc.
XBW,DHL Airways
XBX,Icb International Airlines
XBY,Wrangler Aviation Inc.
XBZ,Air Natl Aircraft Sal & Ser
XC,Air Caribbean
XCA,Hawkins And Powers Aviation
XDA,Pacific Air Express Inc.
XDC,Hemisphere Air Charter
XDD,International Parcel Express Inc.
XDE,Air Train Inc.
XDF,Salair Inc.
XDG,Air Transport International
XDH,Kitty Hawk Air Cargo
XE,ExpressJet Airlines Inc.
XF,Vladivostok Air
XG,North American Airlines
XJ,Mesaba Airlines
XK,Aerotal
XL,Lan Ecuador
XP,TEM Enterprises dba  Avelo Airlines
XPA,Express Air d/b/a Sunrise
XPE,Amira Air GmbH
XPQ,International Cargo Xpress
XV,Presidential Airways Inc.
XY,Munz Northern Airlines Inc.
XYZ,Airpac Inc.
Y2,Globespan Airways Limited d/b/a Flyglobespan
Y4,Concesionaria Vuela Compania De Aviacion SA de CV (Volaris)
Y7,Flyjet Limited d/b/a Silverjet
Y8,Yangtze River Express Airlines Company
YAT,"Friendship Airways, Inc. d/b/a Yellow Air Taxi"
YB,"HARBOUR AIR LTD. D/B/A HARBOUR AIR SEAPLANES, WHISTLER AIR AND SALTSPRING AIR"
YBQ,Yellow Bird Air
YI,"Air Sunshine, Inc."
YM,Royal West Airlines
YR,"Grand Canyon Airlines, Inc. d/b/a Grand Canyon Airlines d/b/a Scenic Airlines"
YTU,Alaska Central Express
YUT,Yute Air Aka Flight Alaska
YV,Mesa Airlines Inc.
YX,Republic Airline
Z3,"Bidzy Ta Hot Aana, Inc. d/b/a Tanana Air Service"
Z3Q,"PM Air, LLC"
ZA,Accessair Holdings
ZAQ,Zas Airline Of Egypt
ZB,Monarch Airlines
ZE,Eastar Jet Co Ltd.
ZF,AZUR Air LLC
ZFZ,Mcphillips Flying Service
ZG,ZIPAIR Tokyo Inc.
ZIA,Air New Mexico
ZK,Great Lakes Airlines
ZKQ,Zantop International
ZL,Affretair
ZMZ,Winnipesaukee Aviation Inc.
ZN,Key Airlines Inc.
ZO,Florida Express Inc.
ZP,Air St. Thomas
ZPQ,"Silk Way Airlines, LLC"
ZQ,Caribbean Sun Airlines
ZS,Hispaniola Airways
ZU,"Aerovias Colombianas, Arca"
ZUQ,Zuliana De Aviacion
ZV,Air Midwest Inc.
ZW,Air Wisconsin Airlines Corp
ZX,Air Georgian
ZY,Atlantic Gulf Airlines
ZYZ,Skyway Aviation Inc.
