Destination Airport,Lat,Long,name
OCA,25.33,-80.27,Ocean Reef Club Airport
PQS,61.93,-162.90,Pilot Station Airport
CSE,38.85,-106.93,Crested Butte Airpark
JCY,30.25,-98.62,LBJ Ranch Airport
PMX,42.22,-72.31,Metropolitan Airport
WLR,55.60,-131.64,Loring Seaplane Base
NUP,60.91,-162.44,Nunapitchuk Airport
PTC,55.80,-133.60,Port Alice Seaplane Base
ICY,59.97,-141.66,Icy Bay Airport
PPV,56.33,-133.61,Port Protection Seaplane Base
KKK,64.42,-156.82,Kalakaket Creek AS Airport
MHS,41.26,-122.27,Dunsmuir Muni-Mott Airport
NIR,28.36,-97.66,Chase Field Industrial Airport
GCT,36.26,-113.23,Grand Canyon Bar Ten Airstrip
ELW,60.89,-146.70,Ellamar Seaplane Base
LVD,61.36,-155.44,Lime Village Airport
HGZ,66.22,-155.67,Hog River Airport
OTN,38.85,-87.50,Ed-Air Airport
TLF,63.39,-153.27,Telida Airport
BZT,28.98,-95.58,Eagle Air Park
HBH,57.41,-133.44,Entrance Island Seaplane Base
FAK,57.53,-135.21,False Island Seaplane Base
BYW,48.58,-122.83,Blakely Island Airport
DRF,60.59,-152.16,Drift River Airport
BDF,41.23,-89.62,Rinkenberger Restricted Landing Area
VRS,38.43,-92.88,Roy Otten Memorial Airfield
GDH,59.75,-158.88,Golden Horn Lodge Seaplane Base
ATT,60.87,-162.27,Atmautluak Airport
LIV,65.47,-148.65,Livengood Camp Airport
PDB,59.79,-154.12,Pedro Bay Airport
KOZ,57.93,-152.50,Ouzinkie Airport
TNK,60.58,-165.27,Tununak Airport
EVA,30.32,-94.07,Ben Bruce Memorial Airpark
WHD,55.90,-130.01,Hyder Seaplane Base
MNT,65.14,-149.37,Minto Al Wright Airport
TKI,55.94,-133.33,Tokeen Seaplane Base
WKK,59.28,-158.62,Aleknagik / New Airport
WFB,55.35,-131.68,Ketchikan Harbor Seaplane Base
NNK,58.73,-157.02,Naknek Airport
BKF,58.55,-155.78,Lake Brooks Seaplane Base
BCS,29.87,-90.02,Southern Seaplane Airport
SPQ,33.75,-118.28,Catalina Air-Sea Terminal Heliport
TSS,40.74,-73.97,East 34th Street Heliport
QNY,40.73,-73.97,New York Skyports Inc Seaplane Base
BWL,36.80,-97.32,Earl Henry Airport
WYB,55.92,-131.80,Yes Bay Lodge Seaplane Base
CWS,48.49,-122.83,Center Island Airport
TEK,60.87,-146.69,Tatitlek Airport
DUF,36.25,-75.79,Pine Island Airport
SSW,48.67,-123.18,Stuart Island Airpark
FOB,39.47,-123.80,Fort Bragg Airport
PUL,47.73,-122.65,Port of Poulsbo Marina Moorage Seaplane Base
CCD,34.06,-118.42,Century City Heliport
WMK,55.74,-132.26,Meyers Chuck Seaplane Base
AXB,44.31,-75.90,Maxson Airfield
REE,33.59,-102.04,Reese Airpark
WDN,48.71,-123.02,Waldron Airstrip
WWP,56.12,-133.12,Whale Pass Seaplane Float Harbor Facility
CHU,61.58,-159.22,Chuathbaluk Airport
UGS,57.53,-157.40,Ugashik Airport
MXG,42.34,-71.51,Marlboro Airport
PSQ,39.86,-75.30,Philadelphia Seaplane Base
KLL,59.13,-156.86,Levelock Airport
SGW,56.89,-134.16,Saginaw Seaplane Base
WTL,60.34,-162.67,Tuntutuliak Airport
TWA,59.08,-160.27,Twin Hills Airport
KCQ,56.26,-158.77,Chignik Lake Airport
AHT,51.38,179.26,Amchitka Army Airfield
CEX,65.05,-146.05,Chena Hot Springs Airport
SOL,64.56,-164.45,Solomon State Field
HED,55.80,-160.90,Herendeen Bay Airport
TWE,65.68,-164.80,Taylor Airport
KTH,59.96,-158.48,Tikchik Lodge Seaplane Base
NKI,55.85,-133.23,Naukati Bay Seaplane Base
LNI,70.91,-153.24,Lonely Air Station
CDL,65.91,-161.93,Candle 2 Airport
AOS,57.47,-153.82,Amook Bay Seaplane Base
BSZ,58.22,-157.35,Bartletts Airport
BSW,60.42,-146.15,Boswell Bay Airport
TGE,32.49,-85.78,Sharpe Field
ALZ,56.90,-154.25,Alitak Seaplane Base
AQY,60.97,-149.13,Girdwood Airport
ARX,40.22,-74.09,Asbury Park Neptune Air Terminal
AYZ,40.71,-73.40,Zahn's Airport
HAE,36.19,-113.09,Lava Falls Heliport
BKG,36.53,-93.20,Branson Airport
BCJ,37.96,-105.78,Baca Grande Airfield
ILL,45.12,-95.13,Willmar Municipal -John L Rice Field
BNF,57.09,-134.83,Baranof Warm Springs Float and Seaplane Base
BOF,38.84,-77.02,Bolling Air Force Base
BOK,42.07,-124.29,Brookings Airport
BQV,58.46,-135.88,Bartlett Cove Seaplane Base
BRG,37.22,-82.87,Whitesburg Municipal Airport
BYA,64.08,-141.11,Boundary Airport
BZS,38.86,-77.01,Buzzards Point Seaplane Base
CGA,55.48,-133.15,Craig Seaplane Base
CHP,65.49,-144.61,Circle Hot Springs Airport
CIV,55.22,-132.21,Chomley Seaplane Base
CKD,61.87,-158.13,Crooked Creek Airport
CKR,48.60,-123.00,Crane Island Airstrip
CKU,60.54,-145.73,Cordova Municipal Airport
CKX,64.07,-141.95,Chicken Airport
CLC,29.56,-95.14,Clear Lake Metroport
CLG,36.16,-120.36,Coalinga Airport
EHT,41.75,-72.63,Rentschler Heliport
HLI,36.89,-121.41,Hollister Municipal Airport
CVR,33.98,-118.42,Hughes Airport
CXC,61.58,-144.43,Chitina Airport
CYM,57.51,-134.95,Chatham Seaplane Base
CZK,45.68,-121.88,Cascade Locks State Airport
CZN,62.07,-142.05,Chisana Airport
CZO,62.56,-144.67,Chistochina Airport
IUA,42.91,-77.33,Canandaigua Airport
DJN,64.05,-145.72,Delta Junction Airport
DCK,66.94,-156.90,Dahl Creek Airport
DCR,40.84,-84.86,Decatur HI-Way Airfield
DHB,48.62,-123.00,Deer Harbor SPB
DPK,40.76,-73.31,Deer Park Airport
DWS,28.40,-81.57,Lake Buena Vista STOLport
EDA,55.95,-133.66,Edna Bay Seaplane Base
ESP,41.06,-75.25,Birchwood-Pocono Airport
EXI,58.42,-135.45,Excursion Inlet Seaplane Base
RGR,32.45,-98.68,Ranger Municipal Airport
FAL,26.59,-99.14,Falcon State Airport
FLE,37.28,-77.34,Fort Lee Army Airfield
FLT,62.45,-157.99,Flat Airport
FSN,42.22,-87.82,Haley Army Airfield
GAB,38.92,-117.96,Gabbs Airport
GFD,39.79,-85.74,Pope Field
GNU,59.12,-161.58,Goodnews Airport
GMT,65.40,-161.28,Granite Mountain Air Station
GVE,38.16,-78.17,Gordonsville Municipal Airport
HAY,65.20,-161.16,Haycock Airport
HEY,31.35,-85.65,Hanchey Army (Fort Rucker) Heliport
HGT,35.99,-121.24,Tusi AHP (Hunter Liggett) Heliport
HPV,22.21,-159.45,Princeville Airport
WKL,19.92,-155.86,Waikoloa Heliport
HKB,64.00,-144.69,Healy Lake Airport
HYL,55.48,-132.65,Hollis Clark Bay Seaplane Base
IVH,69.41,-148.29,Ivishak Airport
JLA,60.48,-149.72,Quartz Creek Airport
JPB,40.75,-73.98,Pan Am Building Heliport
JPN,38.87,-77.06,Pentagon Army Heliport
JRA,40.75,-74.01,West 30th St. Heliport
JRB,40.70,-74.01,Downtown-Manhattan/Wall St Heliport
AMK,37.20,-107.87,Animas Air Park
BDX,45.47,-105.45,Broadus Airport
EUE,39.60,-116.00,Eureka Airport
KPT,41.98,-114.66,Jackpot Airport/Hayden Field
RLA,37.94,-91.81,Rolla Downtown Airport
FID,41.25,-72.03,Elizabeth Field
HUD,42.74,-94.25,Humboldt Municipal Airport
TWD,48.05,-122.81,Jefferson County International Airport
MVM,36.72,-110.23,Kayenta Airport
HCC,42.29,-73.71,Columbia County Airport
AHD,34.15,-97.12,Ardmore Downtown Executive Airport
GCW,35.99,-113.82,Grand Canyon West Airport
CKE,38.99,-122.90,Lampson Field
ROF,41.73,-122.55,Montague-Yreka Rohrer Field
CNE,38.43,-105.11,Fremont County Airport
RSX,44.99,-73.36,Rouses Point Seaplane Base
COP,42.63,-74.89,Cooperstown-Westville Airport
CIL,64.90,-163.70,Council Airport
IRB,30.91,-101.89,Iraan Municipal Airport
GNF,39.94,-120.95,Gansner Field
CHZ,42.58,-121.88,Chiloquin State Airport
LTW,38.32,-76.55,St. Mary's County Regional Airport
AHF,40.34,-99.91,Arapahoe Municipal Airport
PCT,40.40,-74.66,Princeton Airport
CTO,40.92,-72.79,Calverton Executive Airpark
NRI,36.58,-94.86,Grand Lake Regional Airport
GTP,42.51,-123.39,Grants Pass Airport
NLE,41.84,-86.23,Jerry Tyler Memorial Airport
GCD,47.92,-119.08,Grand Coulee Dam Airport
VLE,35.65,-112.15,Valle Airport
FPY,30.07,-83.58,Perry-Foley Airport
NTJ,39.33,-111.61,Manti-Ephraim Airport
MSD,39.53,-111.48,Mount Pleasant Airport
SBO,39.03,-111.84,Salina Gunnison Airport
JVI,40.52,-74.60,Central Jersey Regional Airport
UCE,30.47,-92.42,Eunice Airport
GOL,42.41,-124.42,Gold Beach Municipal Airport
KKT,40.76,-87.43,Kentland Municipal Airport
PRW,45.54,-90.28,Prentice Airport
EGP,28.86,-100.51,Maverick County Memorial International Airport
BLD,35.95,-114.86,Boulder City Municipal Airport
MFH,36.83,-114.06,Mesquite Airport
ECA,44.31,-83.42,Iosco County Airport
FMU,43.98,-124.11,Florence Municipal Airport
OTS,48.50,-122.66,Anacortes Airport
ROL,40.28,-110.05,Roosevelt Municipal Airport
CTK,43.31,-96.57,Canton Municipal Airport
WPO,38.83,-107.65,North Fork Valley Airport
ATE,34.19,-95.65,Antlers Municipal Airport
QWG,35.21,-80.67,Wilgrove Air Park
ASQ,39.47,-117.20,Austin Airport
AAF,29.73,-85.03,Apalachicola Regional Airport
ABE,40.65,-75.44,Lehigh Valley International Airport
ABI,32.41,-99.68,Abilene Regional Airport
ABQ,35.04,-106.61,Albuquerque International Sunport
ABR,45.45,-98.42,Aberdeen Regional Airport
ABY,31.54,-84.19,Southwest Georgia Regional Airport
ACB,44.99,-85.20,Antrim County Airport
ACK,41.25,-70.06,Nantucket Memorial Airport
ACT,31.61,-97.23,Waco Regional Airport
ACV,40.98,-124.11,California Redwood Coast-Humboldt County Airport
ACY,39.46,-74.58,Atlantic City International Airport
ADG,41.87,-84.08,Lenawee County Airport
ADT,34.80,-96.67,Ada Regional Airport
ADM,34.30,-97.02,Ardmore Municipal Airport
ADS,32.97,-96.84,Addison Airport
ADW,38.81,-76.87,Joint Base Andrews
KAE,56.97,-133.95,Kake Seaplane Base
AEL,43.68,-93.37,Albert Lea Municipal Airport
AEX,31.33,-92.55,Alexandria International Airport
AFF,38.97,-104.81,USAF Academy Airfield
WSG,40.14,-80.29,Washington County Airport
AFN,42.81,-72.00,Jaffrey Airport Silver Ranch Airport
AFO,42.71,-110.94,Afton Municipal Airport
AFW,32.99,-97.32,Fort Worth Alliance Airport
AGC,40.35,-79.93,Allegheny County Airport
AGO,33.23,-93.22,Ralph C Weiser Field
AGS,33.37,-81.96,Augusta Regional At Bush Field
AHC,40.27,-120.15,Amedee Army Air Field
AHH,45.28,-92.38,Amery Municipal Airport
AHN,33.95,-83.33,Athens Ben Epps Airport
AIA,42.05,-102.80,Alliance Municipal Airport
AID,40.11,-85.61,Anderson Municipal Darlington Field
AIK,33.65,-81.68,Aiken Regional Airport
AIO,41.41,-95.05,Atlantic Municipal Airport
AIV,33.11,-88.20,George Downer Airport
AIY,39.36,-74.46,Atlantic City Municipal Bader Field
AIZ,38.10,-92.55,Lee C Fine Memorial Airport
AKO,40.18,-103.22,Colorado Plains Regional Airport
AKC,41.04,-81.47,Akron Fulton International Airport
ALB,42.75,-73.80,Albany International Airport
ALI,27.74,-98.03,Alice International Airport
ALM,32.84,-105.99,Alamogordo White Sands Regional Airport
ALN,38.89,-90.05,St Louis Regional Airport
ALO,42.56,-92.40,Waterloo Regional Airport
ALS,37.43,-105.87,San Luis Valley Regional Bergman Field
ALW,46.09,-118.29,Walla Walla Regional Airport
ALX,32.91,-85.96,Thomas C Russell Field
AMA,35.22,-101.71,Rick Husband Amarillo International Airport
AMN,43.32,-84.69,Gratiot Community Airport
AMW,41.99,-93.62,Ames Municipal Airport
ANB,33.59,-85.86,Anniston Regional Airport
AND,34.49,-82.71,Anderson Regional Airport
SLT,38.54,-106.05,Salida Airport Harriett Alexander Field
ANP,38.94,-76.57,Lee Airport
ANQ,41.64,-85.08,Tri State Steuben County Airport
ANW,42.58,-99.99,Ainsworth Regional Airport
ANY,37.16,-98.08,Anthony Municipal Airport
AOH,40.71,-84.03,Lima Allen County Airport
AOO,40.30,-78.32,Altoona Blair County Airport
APA,39.57,-104.85,Centennial Airport
APC,38.21,-122.28,Napa County Airport
APF,26.15,-81.78,Naples Municipal Airport
APG,39.47,-76.17,Phillips Army Air Field
APH,38.07,-77.32,A P Hill AAF (Fort A P Hill) Airport
APN,45.08,-83.56,Alpena County Regional Airport
APT,35.06,-85.59,Marion County Brown Field
APV,34.58,-117.19,Apple Valley Airport
ARA,30.04,-91.88,Acadiana Regional Airport
ARB,42.22,-83.75,Ann Arbor Municipal Airport
ARG,36.12,-90.93,Walnut Ridge Regional Airport
WHT,29.25,-96.15,Wharton Regional Airport
AUZ,41.77,-88.48,Aurora Municipal Airport
ART,43.99,-76.02,Watertown International Airport
ARV,45.93,-89.73,Lakeland-Noble F. Lee Memorial field
BFT,32.41,-80.63,Beaufort County Airport
ASE,39.22,-106.87,Aspen-Pitkin Co/Sardy Field
SPZ,36.18,-94.12,Springdale Municipal Airport
ASH,42.78,-71.51,Boire Field
ASL,32.52,-94.31,Harrison County Airport
ASN,33.57,-86.05,Talladega Municipal Airport
AST,46.16,-123.88,Astoria Regional Airport
ASX,46.55,-90.92,John F Kennedy Memorial Airport
ASY,46.02,-99.35,Ashley Municipal Airport
ATL,33.64,-84.43,Hartsfield Jackson Atlanta International Airport
ATS,32.85,-104.47,Artesia Municipal Airport
ATW,44.26,-88.52,Appleton International Airport
ATY,44.91,-97.15,Watertown Regional Airport
AUG,44.32,-69.80,Augusta State Airport
AUM,43.67,-92.93,Austin Municipal Airport
AUN,38.95,-121.08,Auburn Municipal Airport
AUO,32.62,-85.43,Auburn University Regional Airport
AUS,30.19,-97.67,Austin Bergstrom International Airport
AUW,44.93,-89.63,Wausau Downtown Airport
AVL,35.44,-82.54,Asheville Regional Airport
AVO,27.59,-81.53,Avon Park Executive Airport
AVP,41.34,-75.72,Wilkes Barre Scranton International Airport
AVW,32.41,-111.22,Marana Regional Airport
AVX,33.40,-118.42,Catalina Airport
AWM,35.14,-90.23,West Memphis Municipal Airport
AXG,43.08,-94.27,Algona Municipal Airport
AXN,45.87,-95.39,Chandler Field
AXS,34.70,-99.34,Altus Quartz Mountain Regional Airport
AXV,40.49,-84.30,Neil Armstrong Airport
AXX,36.42,-105.29,Angel Fire Airport
AYE,42.57,-71.60,Ft Devens Moore Army Air Field
AYS,31.25,-82.40,Waycross Ware County Airport
TUH,35.39,-86.09,Arnold Air Force Base
AZO,42.23,-85.55,Kalamazoo Battle Creek International Airport
BAB,39.14,-121.44,Beale Air Force Base
BAD,32.50,-93.66,Barksdale Air Force Base
BAF,42.16,-72.72,Westfield-Barnes Regional Airport
CLU,39.26,-85.90,Columbus Municipal Airport
BAM,40.60,-116.87,Battle Mountain Airport
BBB,45.33,-95.65,Benson Municipal Airport
BBD,31.18,-99.32,Curtis Field
BTN,34.62,-79.73,Marlboro County Jetport H.E. Avent Field
BBW,41.44,-99.64,Broken Bow Municipal Airport
BCB,37.21,-80.41,Virginia Tech Montgomery Executive Airport
BCE,37.71,-112.14,Bryce Canyon Airport
BCT,26.38,-80.11,Boca Raton Airport
BDE,48.73,-94.61,Baudette International Airport
BDG,37.58,-109.48,Blanding Municipal Airport
BDL,41.94,-72.68,Bradley International Airport
BDR,41.16,-73.13,Igor I Sikorsky Memorial Airport
WBU,40.04,-105.23,Boulder Municipal Airport
KBE,55.93,-131.57,Bell Island Hot Springs Seaplane Base
BEC,37.69,-97.21,Beech Factory Airport
BED,42.47,-71.29,Laurence G Hanscom Field
BEH,42.13,-86.43,Southwest Michigan Regional Airport
BFD,41.80,-78.64,Bradford Regional Airport
BFF,41.87,-103.60,Western Neb. Rgnl/William B. Heilig Airport
BFI,47.53,-122.30,Boeing Field King County International Airport
BFL,35.43,-119.06,Meadows Field
BFM,30.63,-88.07,Mobile Downtown Airport
BFR,38.84,-86.45,Virgil I Grissom Municipal Airport
BGD,35.70,-101.39,Hutchinson County Airport
BGE,30.97,-84.64,Decatur County Industrial Air Park
BGM,42.21,-75.98,Greater Binghamton/Edwin A Link field
BGR,44.81,-68.83,Bangor International Airport
BHB,44.45,-68.36,Hancock County-Bar Harbor Airport
BHM,33.56,-86.75,Birmingham-Shuttlesworth International Airport
BID,41.17,-71.58,Block Island State Airport
BIE,40.30,-96.75,Beatrice Municipal Airport
BIF,31.85,-106.38,Biggs Army Air Field (Fort Bliss)
BIH,37.37,-118.36,Eastern Sierra Regional Airport
BIL,45.81,-108.54,Billings Logan International Airport
BIS,46.77,-100.75,Bismarck Municipal Airport
BIX,30.41,-88.92,Keesler Air Force Base
BJC,39.91,-105.12,Rocky Mountain Metropolitan Airport
BJI,47.51,-94.93,Bemidji Regional Airport
BJJ,40.87,-81.89,Wayne County Airport
BKD,32.72,-98.89,Stephens County Airport
BKE,44.84,-117.81,Baker City Municipal Airport
BFK,39.70,-104.75,Buckley Air Force Base
BKL,41.52,-81.68,Burke Lakefront Airport
BKT,37.07,-77.96,Allen C Perkinson Blackstone Army Air Field
BKW,37.79,-81.12,Raleigh County Memorial Airport
BKX,44.30,-96.82,Brookings Regional Airport
BLF,37.30,-81.21,Mercer County Airport
BLH,33.62,-114.72,Blythe Airport
BLI,48.79,-122.54,Bellingham International Airport
BLM,40.19,-74.12,Monmouth Executive Airport
BLU,39.28,-120.71,Blue Canyon Nyack Airport
BLV,38.55,-89.84,Scott AFB/Midamerica Airport
BMC,41.55,-112.06,Brigham City Regional Airport
BMG,39.15,-86.62,Monroe County Airport
BMI,40.48,-88.92,Central Illinois Regional Airport at Bloomington-Normal
BML,44.58,-71.18,Berlin Regional Airport
BMT,30.07,-94.22,Beaumont Municipal Airport
BNA,36.12,-86.68,Nashville International Airport
BNG,33.92,-116.85,Banning Municipal Airport
BNL,33.26,-81.39,Barnwell Regional Airport
BNO,43.59,-118.96,Burns Municipal Airport
BNW,42.05,-93.85,Boone Municipal Airport
BOI,43.56,-116.22,Boise Air Terminal/Gowen Field
BOS,42.36,-71.01,General Edward Lawrence Logan International Airport
BOW,27.94,-81.78,Bartow Executive Airport
HCA,32.21,-101.52,Big Spring Mc Mahon-Wrinkle Airport
BPI,42.59,-110.11,Miley Memorial Field
WMH,36.37,-92.47,Ozark Regional Airport
BPT,29.95,-94.02,Southeast Texas Regional Airport
BQK,31.26,-81.47,Brunswick Golden Isles Airport
BRD,46.40,-94.14,Brainerd Lakes Regional Airport
BRL,40.78,-91.13,Southeast Iowa Regional Airport
BRO,25.91,-97.43,Brownsville South Padre Island International Airport
BRY,37.81,-85.50,Samuels Field
BTF,40.87,-111.93,Skypark Airport
BTL,42.31,-85.25,W K Kellogg Airport
BTM,45.95,-112.50,Bert Mooney Airport
TTO,45.82,-97.74,Britton Municipal Airport
BTP,40.78,-79.95,Pittsburgh/Butler Regional Airport
BTR,30.53,-91.15,Baton Rouge Metropolitan Airport
BTV,44.47,-73.15,Burlington International Airport
BTY,36.86,-116.79,Beatty Airport
BUB,41.78,-99.15,Cram Field
BUF,42.94,-78.73,Buffalo Niagara International Airport
BUM,38.29,-94.34,Butler Memorial Airport
BUR,34.20,-118.36,Bob Hope Airport
BFP,40.77,-80.39,Beaver County Airport
BVO,36.76,-96.01,Bartlesville Municipal Airport
MVW,48.47,-122.42,Skagit Regional Airport
BVX,35.73,-91.65,Batesville Regional Airport
BVY,42.58,-70.92,Beverly Municipal Airport
BWC,32.99,-115.52,Brawley Municipal Airport
BWD,31.79,-98.96,Brownwood Regional Airport
BWG,36.96,-86.42,Bowling Green Warren County Regional Airport
BWI,39.18,-76.67,Baltimore/Washington International Thurgood Marshall Airport
WAH,46.24,-96.61,Harry Stern Airport
BWM,46.17,-103.30,Bowman Regional Airport
BXA,30.81,-89.86,George R Carr Memorial Air Field
BXK,33.42,-112.69,Buckeye Municipal Airport
BYG,44.38,-106.72,Johnson County Airport
BYH,35.96,-89.94,Arkansas International Airport
BYI,42.54,-113.77,Burley Municipal Airport
BYS,35.28,-116.63,Bicycle Lake Army Air Field
BBC,28.97,-95.86,Bay City Municipal Airport
BZN,45.78,-111.15,Gallatin Field
XES,42.61,-88.39,Grand Geneva Resort Airport
PLY,41.37,-86.30,Plymouth Municipal Airport
CLG,36.16,-120.29,New Coalinga Municipal Airport
CAD,44.28,-85.42,Wexford County Airport
CAE,33.94,-81.12,Columbia Metropolitan Airport
CIG,40.50,-107.52,Craig Moffat Airport
CAK,40.92,-81.44,Akron Canton Regional Airport
CAO,36.45,-103.17,Clayton Municipal Airpark
CAR,46.87,-68.02,Caribou Municipal Airport
CBE,39.62,-78.76,Greater Cumberland Regional Airport
CBF,41.26,-95.76,Council Bluffs Municipal Airport
CBK,39.43,-101.05,Shalz Field
CBM,33.64,-88.44,Columbus Air Force Base
KCC,56.00,-132.84,Coffman Cove Seaplane Base
CCB,34.11,-117.69,Cable Airport
CCR,37.99,-122.06,Buchanan Field
CCY,43.07,-92.61,Northeast Iowa Regional Airport
LLX,44.57,-72.02,Caledonia County Airport
CDC,37.70,-113.10,Cedar City Regional Airport
CDH,33.62,-92.76,Harrell Field
CDN,34.28,-80.56,Woodward Field
CDR,42.84,-103.10,Chadron Municipal Airport
CDS,34.43,-100.29,Childress Municipal Airport
CDW,40.88,-74.28,Essex County Airport
CEA,37.65,-97.25,Cessna Aircraft Field
CEC,41.78,-124.24,Jack Mc Namara Field Airport
CEF,42.19,-72.53,Westover ARB/Metropolitan Airport
CEU,34.67,-82.89,Oconee County Regional Airport
CEV,39.70,-85.13,Mettel Field
CEW,30.78,-86.52,Bob Sikes Airport
CEY,36.66,-88.37,Kyle Oakley Field
CEZ,37.30,-108.63,Cortez Municipal Airport
CFD,30.72,-96.33,Coulter Field
TZC,43.46,-83.45,Tuscola Area Airport
CFT,32.96,-109.21,Greenlee County Airport
CFV,37.09,-95.57,Coffeyville Municipal Airport
KCG,56.32,-158.59,Chignik Fisheries Airport
CGE,38.54,-76.03,Cambridge Dorchester Airport
CGF,41.57,-81.49,Cuyahoga County Airport
CGI,37.23,-89.57,Cape Girardeau Regional Airport
CGS,38.98,-76.92,College Park Airport
CGX,41.86,-87.61,Chicago Meigs Airport
CGZ,32.95,-111.77,Casa Grande Municipal Airport
CHA,35.04,-85.20,Lovell Field
CHK,35.10,-97.97,Chickasha Municipal Airport
CHO,38.14,-78.45,Charlottesville Albemarle Airport
CHS,32.90,-80.04,Charleston Air Force Base-International Airport
CIC,39.80,-121.86,Chico Municipal Airport
CID,41.88,-91.71,The Eastern Iowa Airport
CIN,42.05,-94.79,Arthur N Neu Airport
CIR,37.06,-89.22,Cairo Regional Airport
CIU,46.25,-84.47,Chippewa County International Airport
CKA,36.74,-98.12,Kegelman AF Aux Field
CKB,39.30,-80.23,North Central West Virginia Airport
GRM,47.84,-90.38,Grand Marais Cook County Airport
CKM,34.30,-90.51,Fletcher Field
CKN,47.84,-96.62,Crookston Municipal Kirkwood Field
CKV,36.62,-87.42,ClarksvilleâMontgomery County Regional Airport
KCL,56.31,-158.54,Chignik Lagoon Airport
CLE,41.41,-81.85,Cleveland Hopkins International Airport
CLI,44.61,-88.73,Clintonville Municipal Airport
CLK,35.54,-98.93,Clinton Regional Airport
CLL,30.59,-96.36,Easterwood Field
CLM,48.12,-123.50,William R Fairchild International Airport
CLR,33.13,-115.52,Cliff Hatfield Memorial Airport
CLS,46.68,-122.98,Chehalis Centralia Airport
CLT,35.21,-80.94,Charlotte Douglas International Airport
CLW,27.98,-82.76,Clearwater Air Park
CMH,40.00,-82.89,John Glenn Columbus International Airport
CMI,40.04,-88.28,University of Illinois Willard Airport
CMX,47.17,-88.49,Houghton County Memorial Airport
CMY,43.96,-90.74,Sparta Fort Mc Coy Airport
KCN,53.40,-167.52,Chernofski Harbor Seaplane Base
CNH,43.37,-72.37,Claremont Municipal Airport
CNK,39.55,-97.65,Blosser Municipal Airport
CNM,32.34,-104.26,Cavern City Air Terminal
CNO,33.97,-117.64,Chino Airport
CNU,37.67,-95.49,Chanute Martin Johnson Airport
CNW,31.64,-97.07,TSTC Waco Airport
CNY,38.76,-109.75,Canyonlands Field
COD,44.52,-109.02,Yellowstone Regional Airport
COE,47.77,-116.82,Coeur D'Alene - Pappy Boyington Field
COF,28.23,-80.61,Patrick Air Force Base
COI,28.34,-80.69,Merritt Island Airport
COM,31.84,-99.40,Coleman Municipal Airport
CON,43.20,-71.50,Concord Municipal Airport
COS,38.81,-104.70,City of Colorado Springs Municipal Airport
COT,28.46,-99.22,Cotulla-La Salle County Airport
COU,38.82,-92.22,Columbia Regional Airport
CPM,33.89,-118.24,Compton Woodley Airport
CPR,42.91,-106.46,Casper-Natrona County International Airport
CPS,38.57,-90.16,St Louis Downtown Airport
HCW,34.71,-79.96,Cheraw Municipal Airport/Lynch Bellinger Field
KCR,63.57,-155.99,Colorado Creek Airport
CRE,33.81,-78.72,Grand Strand Airport
CRG,30.34,-81.51,Jacksonville Executive at Craig Airport
CRO,36.10,-119.60,Corcoran Airport
CRP,27.77,-97.50,Corpus Christi International Airport
CLD,33.13,-117.28,Mc Clellan-Palomar Airport
CRS,32.03,-96.40,C David Campbell Field Corsicana Municipal Airport
CRT,33.18,-91.88,Z M Jack Stell Field
CRW,38.37,-81.59,Yeager Airport
CRX,34.92,-88.60,Roscoe Turner Airport
CSG,32.52,-84.94,Columbus Metropolitan Airport
CSM,35.34,-99.20,Clinton Sherman Airport
CSQ,41.02,-94.36,Creston Municipal Airport
CSV,35.95,-85.08,Crossville Memorial Whitson Field
CTB,48.61,-112.38,Cut Bank International Airport
CTY,29.64,-83.10,Cross City Airport
CTZ,34.98,-78.36,Sampson County Airport
CUB,33.97,-81.00,Jim Hamilton L.B. Owens Airport
CUH,35.95,-96.77,Cushing Municipal Airport
CVG,39.05,-84.67,Cincinnati Northern Kentucky International Airport
CKK,36.26,-91.56,Sharp County Regional Airport
CVN,34.43,-103.08,Clovis Municipal Airport
CVO,44.50,-123.29,Corvallis Municipal Airport
CVS,34.38,-103.32,Cannon Air Force Base
CWA,44.78,-89.67,Central Wisconsin Airport
KIP,33.86,-98.49,Kickapoo Downtown Airport
CWF,30.21,-93.14,Chennault International Airport
CWI,41.83,-90.33,Clinton Municipal Airport
CXL,32.67,-115.51,Calexico International Airport
CXO,30.35,-95.41,Conroe-North Houston Regional Airport
CSN,39.19,-119.73,Carson Airport
HAR,40.22,-76.85,Capital City Airport
CYS,41.16,-104.81,Cheyenne Regional Jerry Olson Field
CZT,28.52,-99.82,Dimmit County Airport
VEX,48.38,-102.90,Tioga Municipal Airport
DAA,38.72,-77.18,Davison Army Air Field
DAB,29.18,-81.06,Daytona Beach International Airport
DAG,34.85,-116.79,Barstow Daggett Airport
DAL,32.85,-96.85,Dallas Love Field
DAN,36.57,-79.34,Danville Regional Airport
DAY,39.90,-84.22,James M Cox Dayton International Airport
DBN,32.56,-82.99,W H 'Bud' Barron Airport
DBQ,42.40,-90.71,Dubuque Regional Airport
DCA,38.85,-77.04,Ronald Reagan Washington National Airport
DCU,34.65,-86.95,Pryor Field Regional Airport
DDC,37.76,-99.97,Dodge City Regional Airport
DEC,39.83,-88.87,Decatur Airport
DEH,43.28,-91.74,Decorah Municipal Airport
DEN,39.86,-104.67,Denver International Airport
DET,42.41,-83.01,Coleman A. Young Municipal Airport
DFI,41.34,-84.43,Defiance Memorial Airport
DFW,32.90,-97.04,Dallas Fort Worth International Airport
DGL,31.34,-109.51,Douglas Municipal Airport
DGW,42.80,-105.39,Converse County Airport
DHN,31.32,-85.45,Dothan Regional Airport
DHT,36.02,-102.55,Dalhart Municipal Airport
DIK,46.80,-102.80,Dickinson Theodore Roosevelt Regional Airport
DKK,42.49,-79.27,Chautauqua County-Dunkirk Airport
DLL,34.45,-79.37,Dillon County Airport
DLF,29.36,-100.78,DLF Airport
DLH,46.84,-92.19,Duluth International Airport
DLN,45.26,-112.55,Dillon Airport
DLS,45.62,-121.17,Columbia Gorge Regional the Dalles Municipal Airport
DMA,32.17,-110.88,Davis Monthan Air Force Base
DMN,32.26,-107.72,Deming Municipal Airport
DMO,38.71,-93.18,Sedalia Memorial Airport
DNL,33.47,-82.04,Daniel Field
DNN,34.72,-84.87,Dalton Municipal Airport
DNS,41.99,-95.38,Denison Municipal Airport
DNV,40.20,-87.60,Vermilion Regional Airport
DOV,39.13,-75.47,Dover Air Force Base
DPA,41.91,-88.25,Dupage Airport
DPG,40.20,-112.94,Michael AAF (Dugway Proving Ground) Airport
DRA,36.62,-116.03,Desert Rock Airport
DRI,30.83,-93.34,Beauregard Regional Airport
DRE,46.01,-83.74,Drummond Island Airport
DRO,37.15,-107.75,Durango La Plata County Airport
DRT,29.37,-100.93,Del Rio International Airport
DSM,41.53,-93.66,Des Moines International Airport
DSV,42.57,-77.71,Dansville Municipal Airport
DTA,39.38,-112.51,Delta Municipal Airport
DTL,46.83,-95.89,Detroit Lakes Airport - Wething Field
DTN,32.54,-93.75,Shreveport Downtown Airport
DSI,30.40,-86.47,Destin Executive Airport
DTW,42.21,-83.35,Detroit Metropolitan Wayne County Airport
DUA,33.94,-96.39,Eaker Field
DUC,34.47,-97.96,Halliburton Field
DUG,31.47,-109.60,Bisbee Douglas International Airport
DUJ,41.18,-78.90,DuBois Regional Airport
DVL,48.11,-98.91,Devils Lake Regional Airport
DVN,41.61,-90.59,Davenport Municipal Airport
NOT,38.14,-122.56,Marin County Airport - Gnoss Field
NSL,43.99,-95.78,Slayton Municipal Airport
DVT,33.69,-112.08,Phoenix Deer Valley Airport
DWF,39.78,-84.10,Wright Field
DWH,30.06,-95.55,David Wayne Hooks Memorial Airport
DXR,41.37,-73.48,Danbury Municipal Airport
DYL,40.33,-75.12,Doylestown Airport
DYS,32.42,-99.85,Dyess Air Force Base
MIF,31.58,-102.91,Roy Hurd Memorial Airport
CCG,31.42,-102.36,Crane County Airport
ESO,36.03,-106.05,Ohkay Owingeh Airport
WTR,33.81,-109.99,Whiteriver Airport
ALE,30.38,-103.68,Alpine Casparis Municipal Airport
BGT,34.60,-113.17,Bagdad Airport
EAN,42.06,-104.93,Phifer Airfield
EAR,40.73,-99.01,Kearney Regional Airport
EAT,47.40,-120.21,Pangborn Memorial Airport
EAU,44.87,-91.48,Chippewa Valley Regional Airport
KEB,59.35,-151.93,Nanwalek Airport
EBS,42.44,-93.87,Webster City Municipal Airport
ECG,36.26,-76.17,Elizabeth City Regional Airport & Coast Guard Air Station
ECP,30.36,-85.80,Northwest Florida Beaches International Airport
ECS,43.89,-104.32,Mondell Field
EDE,36.03,-76.57,Northeastern Regional Airport
ETS,31.30,-85.90,Enterprise Municipal Airport
EDW,34.91,-117.88,Edwards Air Force Base
EED,34.77,-114.62,Needles Airport
EEN,42.90,-72.27,Dillant Hopkins Airport
EFD,29.61,-95.16,Ellington Airport
EFK,44.89,-72.23,Northeast Kingdom International Airport
EFW,42.01,-94.34,Jefferson Municipal Airport
EGE,39.64,-106.92,Eagle County Regional Airport
EGI,30.65,-86.52,Duke Field
EGV,45.93,-89.27,Eagle River Union Airport
KEK,59.36,-157.47,Ekwok Airport
EKA,40.80,-124.11,Murray Field
EKI,41.72,-86.00,Elkhart Municipal Airport
EKN,38.89,-79.86,Elkins-Randolph Co-Jennings Randolph Field
EKO,40.82,-115.79,Elko Regional Airport
EKX,37.69,-85.93,Addington Field
ELA,29.60,-96.32,Eagle Lake Airport
ELD,33.22,-92.81,South Arkansas Regional At Goodwin Field
ELK,35.43,-99.39,Elk City Regional Business Airport
ELM,42.16,-76.89,Elmira Corning Regional Airport
ELN,47.03,-120.53,Bowers Field
LYU,47.82,-91.83,Ely Municipal Airport
ELP,31.81,-106.38,El Paso International Airport
ELY,39.30,-114.84,Ely Airport Yelland Field
ELZ,42.11,-77.99,"Wellsville Municipal Arpt,Tarantine Field"
EMM,41.82,-110.56,Kemmerer Municipal Airport
EMP,38.33,-96.19,Emporia Municipal Airport
EMT,34.09,-118.04,San Gabriel Valley Airport
END,36.34,-97.92,Vance Air Force Base
ENL,38.52,-89.09,Centralia Municipal Airport
ENV,40.72,-114.03,Wendover Airport
ENW,42.60,-87.93,Kenosha Regional Airport
EOK,40.46,-91.43,Keokuk Municipal Airport
EPH,47.31,-119.52,Ephrata Municipal Airport
EDK,37.77,-96.82,Captain Jack Thomas El Dorado Airport
ERI,42.08,-80.17,Erie International Tom Ridge Field
ERR,44.79,-71.16,Errol Airport
ERV,29.98,-99.09,Kerrville Municipal Louis Schreiner Field
ESC,45.72,-87.09,Delta County Airport
ESF,31.39,-92.30,Esler Regional Airport
ESN,38.80,-76.07,Easton Newnam Field
EST,43.41,-94.75,Estherville Municipal Airport
ESW,47.25,-121.19,Easton State Airport
ETB,43.42,-88.13,West Bend Municipal Airport
ETN,32.41,-98.81,Eastland Municipal Airport
EUF,31.95,-85.13,Weedon Field
EUG,44.12,-123.21,Mahlon Sweet Field
EVM,47.43,-92.50,Eveleth Virginia Municipal Airport
EVV,38.04,-87.53,Evansville Regional Airport
EVW,41.27,-111.04,Evanston-Uinta County Airport-Burns Field
EWB,41.68,-70.96,New Bedford Regional Airport
EWK,38.06,-97.27,Newton City-County Airport
EWN,35.07,-77.04,Coastal Carolina Regional Airport
EWR,40.69,-74.17,Newark Liberty International Airport
EYW,24.56,-81.76,Key West International Airport
WIB,34.23,-99.28,Wilbarger County Airport
RBK,33.57,-117.13,French Valley Airport
FAF,37.13,-76.61,Felker Army Air Field
FAM,37.76,-90.43,Farmington Regional Airport
FAR,46.92,-96.82,Hector International Airport
FAT,36.78,-119.72,Fresno Yosemite International Airport
FAY,34.99,-78.88,Fayetteville Regional Grannis Field
FBG,35.13,-78.94,Simmons Army Air Field
FBL,44.33,-93.31,Faribault Municipal Airport-Liz Wall Strohfus Field
FBR,41.39,-110.41,Fort Bridger Airport
FBY,40.18,-97.17,Fairbury Municipal Airport
FCH,36.73,-119.82,Fresno Chandler Executive Airport
FCM,44.83,-93.46,Flying Cloud Airport
FCS,38.68,-104.76,Butts AAF (Fort Carson) Air Field
FCY,34.94,-90.78,Forrest City Municipal Airport
FDK,39.42,-77.37,Frederick Municipal Airport
FDR,34.35,-98.98,Frederick Regional Airport
FDY,41.01,-83.67,Findlay Airport
FEP,42.25,-89.58,Albertus Airport
FET,41.45,-96.52,Fremont Municipal Airport
FFA,36.02,-75.67,First Flight Airport
FFL,41.05,-91.98,Fairfield Municipal Airport
FFM,46.28,-96.16,Fergus Falls Municipal Airport - Einar Mickelson Field
FFO,39.83,-84.05,Wright-Patterson Air Force Base
FFT,38.18,-84.90,Capital City Airport
MSC,33.46,-111.73,Falcon Field
FRD,48.52,-123.02,Friday Harbor Airport
FHU,31.59,-110.35,Sierra Vista Municipal Airport / Libby Army Air Field
FKL,41.38,-79.86,Venango Regional Airport
FKN,36.70,-76.90,Franklin Regional Airport
FLD,43.77,-88.49,Fond du Lac County Airport
FLG,35.14,-111.67,Flagstaff Pulliam Airport
FLL,26.07,-80.15,Fort Lauderdale Hollywood International Airport
FLO,34.19,-79.72,Florence Regional Airport
FLP,36.29,-92.59,Marion County Regional Airport
FLU,40.78,-73.83,Flushing Airport
FLV,39.37,-94.91,Sherman Army Air Field
FLX,39.50,-118.75,Fallon Municipal Airport
FME,39.09,-76.76,Tipton Airport
FMH,41.66,-70.52,Cape Cod Coast Guard Air Station
FMN,36.74,-108.23,Four Corners Regional Airport
FMY,26.59,-81.86,Page Field
FNL,40.45,-105.01,Northern Colorado Regional Airport
FNT,42.97,-83.74,Bishop International Airport
FOD,42.55,-94.19,Fort Dodge Regional Airport
FOE,38.95,-95.66,Topeka Regional Airport - Forbes Field
FOK,40.84,-72.63,Francis S Gabreski Airport
FIL,38.96,-112.36,Fillmore Municipal Airport
FPR,27.50,-80.37,St Lucie County International Airport
FRG,40.73,-73.41,Republic Airport
FRH,38.51,-86.64,French Lick Municipal Airport
FRI,39.06,-96.76,Marshall Army Air Field
FRM,43.64,-94.42,Fairmont Municipal Airport
FRR,38.92,-78.25,Front Royal Warren County Airport
FSD,43.58,-96.74,Joe Foss Field Airport
FSI,34.65,-98.40,Henry Post Army Air Field (Fort Sill)
FSK,37.80,-94.77,Fort Scott Municipal Airport
FSM,35.34,-94.37,Fort Smith Regional Airport
FST,30.92,-102.92,Fort Stockton Pecos County Airport
FSU,34.48,-104.22,Fort Sumner Municipal Airport
FMS,40.66,-91.33,Fort Madison Municipal Airport
FTK,37.91,-85.97,Godman Army Air Field
FTW,32.82,-97.36,Fort Worth Meacham International Airport
FTY,33.78,-84.52,Fulton County Airport Brown Field
FUL,33.87,-117.98,Fullerton Municipal Airport
WFK,47.29,-68.31,Northern Aroostook Regional Airport
FWA,40.98,-85.20,Fort Wayne International Airport
FXE,26.20,-80.17,Fort Lauderdale Executive Airport
FXY,43.23,-93.62,Forest City Municipal Airport
FYM,35.06,-86.56,Fayetteville Municipal Airport
FYV,36.01,-94.17,Drake Field
GAD,33.97,-86.09,Northeast Alabama Regional Airport
GAG,36.30,-99.78,Gage Airport
GAI,39.17,-77.17,Montgomery County Airpark
GBD,38.34,-98.86,Great Bend Municipal Airport
GBG,40.94,-90.43,Galesburg Municipal Airport
GBR,42.18,-73.40,Walter J. Koladza Airport
GCC,44.35,-105.54,Gillette Campbell County Airport
JDA,44.40,-118.96,Grant Co Regional/Ogilvie Field
GCK,37.93,-100.72,Garden City Regional Airport
GCN,35.95,-112.15,Grand Canyon National Park Airport
GCY,36.19,-82.82,Greeneville Municipal Airport
GDM,42.55,-72.02,Gardner Municipal Airport
GDV,47.14,-104.81,Dawson Community Airport
GDW,43.97,-84.47,Gladwin Zettel Memorial Airport
GED,38.69,-75.36,Sussex County Airport
GEG,47.62,-117.53,Spokane International Airport
GEY,44.52,-108.08,South Big Horn County Airport
GFA,47.50,-111.19,Malmstrom Air Force Base
GFK,47.95,-97.18,Grand Forks International Airport
GFL,43.34,-73.61,Floyd Bennett Memorial Airport
GGE,33.31,-79.32,Georgetown County Airport
GGG,32.38,-94.71,East Texas Regional Airport
GGW,48.21,-106.61,Wokal Field/Glasgow-Valley County Airport
GHM,35.84,-87.45,Centerville Municipal Airport
GIF,28.06,-81.75,Winter Haven Regional Airport - Gilbert Field
GJT,39.12,-108.53,Grand Junction Regional Airport
MEJ,41.63,-80.21,Port Meadville Airport
GKT,35.86,-83.53,Gatlinburg-Pigeon Forge Airport
GLD,39.37,-101.70,Renner Field-Goodland Municipal Airport
GLE,33.65,-97.20,Gainesville Municipal Airport
GLH,33.48,-90.99,Mid Delta Regional Airport
GLR,45.01,-84.70,Gaylord Regional Airport
GLS,29.27,-94.86,Scholes International At Galveston Airport
GLW,37.03,-85.95,Glasgow Municipal Airport
GMU,34.85,-82.35,Greenville Downtown Airport
GNG,42.92,-114.76,Gooding Municipal Airport
GNT,35.17,-107.90,Grants-Milan Municipal Airport
GNV,29.69,-82.27,Gainesville Regional Airport
GOK,35.85,-97.42,Guthrie-Edmond Regional Airport
GON,41.33,-72.05,Groton New London Airport
FCA,48.31,-114.26,Glacier Park International Airport
GPT,30.41,-89.07,Gulfport Biloxi International Airport
GPZ,47.21,-93.51,Grand Rapids Itasca Co-Gordon Newstrom field
GQQ,40.75,-82.72,Galion Municipal Airport
GRB,44.49,-88.13,Austin Straubel International Airport
GRD,34.25,-82.16,Greenwood County Airport
GRE,38.84,-89.38,Greenville Airport
GRF,47.08,-122.58,Gray Army Air Field
GRI,40.97,-98.31,Central Nebraska Regional Airport
GRK,31.07,-97.83,Robert Gray  Army Air Field Airport
GRN,42.81,-102.18,Gordon Municipal Airport
GRR,42.88,-85.52,Gerald R. Ford International Airport
GSB,35.34,-77.96,Seymour Johnson Air Force Base
GSH,41.53,-85.79,Goshen Municipal Airport
GSO,36.10,-79.94,Piedmont Triad International Airport
GSP,34.90,-82.22,Greenville Spartanburg International Airport
GSW,32.83,-97.05,Greater Southwest International Airport-Amon Carter Field
GTF,47.48,-111.37,Great Falls International Airport
GTG,45.80,-92.66,Grantsburg Municipal Airport
GTR,33.45,-88.59,Golden Triangle Regional Airport
GUC,38.53,-106.93,Gunnison Crested Butte Regional Airport
GUP,35.51,-108.79,Gallup Municipal Airport
GUS,40.65,-86.15,Grissom Air Reserve Base
GUY,36.69,-101.51,Guymon Municipal Airport
GVL,34.27,-83.83,Lee Gilmer Memorial Airport
GVT,33.07,-96.07,Majors Airport
GVW,38.84,-94.56,Richards-Gebaur Air Force Base
GWO,33.49,-90.08,GreenwoodâLeflore Airport
GWS,39.51,-107.31,Glenwood Springs Municipal Airport
KGX,62.90,-160.07,Grayling Airport
GXY,40.44,-104.63,GreeleyâWeld County Airport
GDC,34.76,-82.38,Donaldson Field Airport
PNX,33.71,-96.67,North Texas Regional Airport/Perrin Field
GYR,33.42,-112.38,Phoenix Goodyear Airport
GYY,41.62,-87.41,Gary Chicago International Airport
KGZ,61.46,-142.38,Glacier Creek Airport
HAB,34.12,-88.00,Marion County Rankin Fite Airport
HAF,37.51,-122.50,Half Moon Bay Airport
HAI,41.96,-85.59,Three Rivers Municipal Dr Haines Airport
HAO,39.36,-84.52,Butler Co Regional Airport - Hogan Field
HAX,35.75,-95.41,Hatbox Field
HBG,31.26,-89.25,Hattiesburg Bobby L Chain Municipal Airport
HBR,34.99,-99.05,Hobart Regional Airport
HDE,40.45,-99.34,Brewster Field
HDN,40.48,-107.22,Yampa Valley Airport
HEE,34.58,-90.68,Thompson-Robbins Airport
MNZ,38.72,-77.52,Manassas Regional Airport/Harry P. Davis Field
HEZ,31.61,-91.30,Hardy-Anders Field / Natchez-Adams County Airport
HFD,41.74,-72.65,Hartford Brainard Airport
HFF,35.04,-79.50,Mackall Army Air Field
HGR,39.71,-77.73,Hagerstown Regional Richard A Henson Field
HHR,33.92,-118.33,Jack Northrop Field Hawthorne Municipal Airport
HUJ,34.03,-95.54,Stan Stamper Municipal Airport
HIB,47.39,-92.84,Range Regional Airport
HIE,44.37,-71.54,Mount Washington Regional Airport
HIF,41.12,-111.97,Hill Air Force Base
HII,34.57,-114.36,Lake Havasu City Airport
HIO,45.54,-122.95,Portland Hillsboro Airport
HKA,35.94,-89.83,Blytheville Municipal Airport
HKS,32.33,-90.22,Hawkins Field
HKY,35.74,-81.39,Hickory Regional Airport
HLB,39.34,-85.26,Hillenbrand Industries Airport
HLC,39.38,-99.83,Hill City Municipal Airport
HLG,40.17,-80.65,Wheeling Ohio County Airport
HLM,42.80,-86.16,Park Township Airport
HLN,46.61,-111.98,Helena Regional Airport
HLR,31.14,-97.71,Hood Army Air Field
HMN,32.85,-106.11,Holloman Air Force Base
HMT,33.73,-117.02,Hemet Ryan Airport
HNB,38.25,-86.95,Huntingburg Airport
HSH,35.97,-115.13,Henderson Executive Airport
HOB,32.69,-103.22,Lea County Regional Airport
HON,44.39,-98.23,Huron Regional Airport
HOP,36.67,-87.50,Campbell AAF (Fort Campbell) Air Field
HOT,34.48,-93.10,Memorial Field
HOU,29.65,-95.28,William P Hobby Airport
HPN,41.07,-73.71,Westchester County Airport
HPT,42.72,-93.23,Hampton Municipal Airport
HPY,29.79,-94.95,Baytown Airport
HQM,46.97,-123.94,Bowerman Airport
HES,45.83,-119.26,Hermiston Municipal Airport
HRL,26.23,-97.65,Valley International Airport
HRO,36.26,-93.15,Boone County Airport
HSB,37.81,-88.55,Harrisburg-Raleigh Airport
HNC,35.23,-75.62,Billy Mitchell Airport
THP,43.71,-108.39,Hot Springs County Airport
HSI,40.61,-98.43,Hastings Municipal Airport
HSP,37.95,-79.83,Ingalls Field
HST,25.49,-80.38,Homestead ARB Airport
HSV,34.64,-86.78,Huntsville International Carl T Jones Field
HTH,38.54,-118.63,Hawthorne Industrial Airport
HTL,44.36,-84.67,Roscommon County - Blodgett Memorial Airport
HTO,40.96,-72.25,East Hampton Airport
HTS,38.37,-82.56,Tri-State/Milton J. Ferguson Field
HTW,38.42,-82.49,Lawrence County Airpark
HUA,34.68,-86.68,Redstone Army Air Field
HUF,39.45,-87.31,"Terre Haute Regional Airport, Hulman Field"
HUL,46.12,-67.79,Houlton International Airport
HUM,29.57,-90.66,Houma Terrebonne Airport
HUT,38.07,-97.86,Hutchinson Municipal Airport
HVE,38.42,-110.70,Hanksville Airport
HVN,41.26,-72.89,Tweed New Haven Airport
HVR,48.54,-109.76,Havre City County Airport
HVS,34.40,-80.12,Hartsville Regional Airport
HWD,37.66,-122.12,Hayward Executive Airport
HWO,26.00,-80.24,North Perry Airport
WSH,40.82,-72.87,Brookhaven Airport
HHH,32.22,-80.70,Hilton Head Airport
HYA,41.67,-70.28,Barnstable Municipal Boardman Polando Field
HYR,46.03,-91.44,Sawyer County Airport
HYS,38.84,-99.27,Hays Regional Airport
HZL,40.99,-75.99,Hazleton Municipal Airport
JFN,41.78,-80.70,Northeast Ohio Regional Airport
IAB,37.62,-97.27,Mc Connell Air Force Base
IAD,38.94,-77.46,Washington Dulles International Airport
IAG,43.11,-78.95,Niagara Falls International Airport
IAH,29.98,-95.34,George Bush Intercontinental Houston Airport
KIB,55.90,-159.49,Ivanof Bay Seaplane Base
ICL,40.72,-95.03,Schenck Field
ICT,37.65,-97.43,Wichita Eisenhower National Airport
IDA,43.51,-112.07,Idaho Falls Regional Airport
IDI,40.63,-79.11,Indiana County/Jimmy Stewart Fld/ Airport
IDP,37.16,-95.78,Independence Municipal Airport
XPR,43.02,-102.51,Pine Ridge Airport
IFA,42.47,-93.27,Iowa Falls Municipal Airport
IFP,35.16,-114.56,Laughlin Bullhead International Airport
IGM,35.26,-113.94,Kingman Airport
IKK,41.07,-87.85,Greater Kankakee Airport
ILE,31.09,-97.69,Skylark Field
ILG,39.68,-75.61,New Castle Airport
ILM,34.27,-77.90,Wilmington International Airport
ILN,39.43,-83.79,Wilmington Airpark
IML,40.51,-101.62,Imperial Municipal Airport
IMM,26.43,-81.40,Immokalee Regional Airport
MDN,38.76,-85.47,Madison Municipal Airport
IMT,45.82,-88.11,Ford Airport
IND,39.72,-86.29,Indianapolis International Airport
INK,31.78,-103.20,Winkler County Airport
INL,48.57,-93.40,Falls International Airport
INS,36.59,-115.67,Creech Air Force Base
INT,36.13,-80.22,Smith Reynolds Airport
INW,35.02,-110.72,Winslow Lindbergh Regional Airport
IOW,41.64,-91.55,Iowa City Municipal Airport
IPL,32.83,-115.58,Imperial County Airport
IPT,41.24,-76.92,Williamsport Regional Airport
IRK,40.09,-92.54,Kirksville Regional Airport
IRS,41.81,-85.44,Kirsch Municipal Airport
ISM,28.29,-81.44,Kissimmee Gateway Airport
ISN,48.18,-103.64,Sloulin Field International Airport
ISO,35.33,-77.61,Kinston Regional Jetport At Stallings Field
ISP,40.80,-73.10,Long Island Mac Arthur Airport
ISQ,45.97,-86.17,Schoolcraft County Airport
ISW,44.36,-89.84,Alexander Field South Wood County Airport
ITH,42.49,-76.46,Ithaca Tompkins Regional Airport
AZA,33.31,-111.65,Phoenix-Mesa-Gateway Airport
IWD,46.53,-90.13,Gogebic Iron County Airport
ISS,43.96,-69.71,Wiscasset Airport
IWS,29.82,-95.67,West Houston Airport
JCI,38.83,-94.89,New Century Aircenter Airport
IYK,35.66,-117.83,Inyokern Airport
SQA,34.61,-120.08,Santa Ynez Airport
FRY,43.99,-70.95,Eastern Slopes Regional Airport
JAC,43.61,-110.74,Jackson Hole Airport
JAN,32.31,-90.08,Jackson-Medgar Wiley Evers International Airport
JAS,30.89,-94.03,Jasper County Airport-Bell Field
JAX,30.49,-81.69,Jacksonville International Airport
JBR,35.83,-90.65,Jonesboro Municipal Airport
JCT,30.51,-99.76,Kimble County Airport
JDN,47.33,-106.95,Jordan Airport
JEF,38.59,-92.16,Jefferson City Memorial Airport
JFK,40.64,-73.78,John F Kennedy International Airport
JHW,42.15,-79.26,Chautauqua County-Jamestown Airport
GUF,30.29,-87.67,Jack Edwards Airport
JLN,37.15,-94.50,Joplin Regional Airport
JMS,46.93,-98.68,Jamestown Regional Airport
JOT,41.52,-88.18,Joliet Regional Airport
USA,35.39,-80.71,Concord-Padgett Regional Airport
JKV,31.87,-95.22,Cherokee County Airport
JST,40.32,-78.83,John Murtha Johnstown Cambria County Airport
JVL,42.62,-89.04,Southern Wisconsin Regional Airport
JXN,42.26,-84.46,Jackson County Reynolds Field
KKB,58.19,-152.37,Kitoi Bay Seaplane Base
KIC,36.23,-121.12,Mesa Del Rey Airport
KKL,57.37,-154.03,Karluk Lake Seaplane Base
KLS,46.12,-122.90,Southwest Washington Regional Airport
KKU,58.81,-158.56,Ekuk Airport
DTH,36.46,-116.88,Furnace Creek Airport
BXS,33.26,-116.32,Borrego Valley Airport
RBF,34.26,-116.86,Big Bear City Airport
TRH,35.81,-117.33,Trona Airport
LAA,38.06,-102.68,Southeast Colorado Regional Airport
LAF,40.41,-86.94,Purdue University Airport
LAL,27.99,-82.02,Lakeland Linder International Airport
LAM,35.88,-106.27,Los Alamos Airport
LAN,42.78,-84.59,Capital City Airport
LAR,41.31,-105.68,Laramie Regional Airport
LAS,36.08,-115.15,McCarran International Airport
LAW,34.57,-98.42,Lawton Fort Sill Regional Airport
LAX,33.94,-118.41,Los Angeles International Airport
LBB,33.66,-101.82,Lubbock Preston Smith International Airport
LBE,40.28,-79.40,Arnold Palmer Regional Airport
LBF,41.13,-100.68,North Platte Regional Airport Lee Bird Field
LBL,37.04,-100.96,Liberal Mid-America Regional Airport
LBT,34.61,-79.06,Lumberton Regional Airport
LJN,29.11,-95.46,Texas Gulf Coast Regional Airport
LCH,30.13,-93.22,Lake Charles Regional Airport
LCI,43.57,-71.42,Laconia Municipal Airport
LCK,39.81,-82.93,Rickenbacker International Airport
LCQ,30.18,-82.58,Lake City Gateway Airport
LDJ,40.62,-74.24,Linden Airport
LDM,43.96,-86.41,Mason County Airport
LEB,43.63,-72.30,Lebanon Municipal Airport
LEE,28.82,-81.81,Leesburg International Airport
LEM,45.92,-102.11,Lemmon Municipal Airport
LEW,44.05,-70.28,Auburn Lewiston Municipal Airport
LEX,38.04,-84.61,Blue Grass Airport
LFI,37.08,-76.36,Langley Air Force Base
LFK,31.23,-94.75,Angelina County Airport
LFT,30.21,-91.99,Lafayette Regional Airport
LGA,40.78,-73.87,La Guardia Airport
LGB,33.82,-118.15,Long Beach /Daugherty Field/ Airport
LGC,33.01,-85.07,LaGrange Callaway Airport
LGD,45.29,-118.01,La Grande/Union County Airport
LGF,32.86,-114.40,Laguna Army Airfield
LGU,41.79,-111.85,Logan-Cache Airport
LHC,35.28,-89.67,Arlington Municipal Airport
LHV,41.14,-77.42,William T. Piper Memorial Airport
LIY,31.89,-81.56,Wright AAF (Fort Stewart)/Midcoast Regional Airport
LFN,36.02,-78.33,Triangle North Executive Airport
LIC,39.27,-103.67,Limon Municipal Airport
LIT,34.73,-92.22,Bill & Hillary Clinton National Airport/Adams Field
LKP,44.26,-73.96,Lake Placid Airport
LOW,38.01,-77.97,Louisa County Airport/Freeman Field
LKV,42.16,-120.40,Lake County Airport
CHL,44.52,-114.22,Challis Airport
LMS,33.15,-89.06,Louisville Winston County Airport
LMT,42.16,-121.73,Crater Lake-Klamath Regional Airport
LNA,26.59,-80.09,Palm Beach County Park Airport
LND,42.82,-108.73,Hunt Field
LNK,40.85,-96.76,Lincoln Airport
LNN,41.68,-81.39,Lake County Executive Airport
LNP,36.99,-82.53,Lonesome Pine Airport
LNR,43.21,-90.18,Tri-County Regional Airport
LNS,40.12,-76.30,Lancaster Airport
LOL,40.07,-118.57,Derby Field
BBX,40.14,-75.27,Wings Field
LOT,41.61,-88.10,Lewis University Airport
LOU,38.23,-85.66,Bowman Field
LOZ,37.08,-84.08,London-Corbin Airport/Magee Field
LPC,34.67,-120.47,Lompoc Airport
LQK,34.81,-82.70,Pickens County Airport
LRD,27.54,-99.46,Laredo International Airport
LRF,34.92,-92.15,Little Rock Air Force Base
LRJ,42.78,-96.19,Le Mars Municipal Airport
LRU,32.29,-106.92,Las Cruces International Airport
LSB,32.33,-108.69,Lordsburg Municipal Airport
LSE,43.88,-91.26,La Crosse Municipal Airport
LSF,32.34,-84.99,Lawson Army Air Field (Fort Benning)
LSK,42.75,-104.40,Lusk Municipal Airport
LSN,37.06,-120.87,Los Banos Municipal Airport
LSV,36.24,-115.03,Nellis Air Force Base
LTS,34.67,-99.27,Altus Air Force Base
LUF,33.53,-112.38,Luke Air Force Base
LUK,39.10,-84.42,Cincinnati Municipal Airport Lunken Field
LUL,31.67,-89.17,Hesler Noble Field
LVK,37.69,-121.82,Livermore Municipal Airport
LVL,36.77,-77.79,Brunswick Municipal Airport
LVM,45.70,-110.45,Mission Field
LVS,35.65,-105.14,Las Vegas Municipal Airport
LWB,37.86,-80.40,Greenbrier Valley Airport
LWC,39.01,-95.22,Lawrence Municipal Airport
LWL,41.12,-114.92,Wells Municipal Airport/Harriet Field
LWM,42.72,-71.12,Lawrence Municipal Airport
LWS,46.37,-117.01,Lewiston Nez Perce County Airport
LWT,47.05,-109.47,Lewistown Municipal Airport
LWV,38.76,-87.61,Lawrenceville Vincennes International Airport
LXN,40.79,-99.78,Jim Kelly Field
LXV,39.22,-106.32,Lake County Airport
LYH,37.33,-79.20,Lynchburg Regional Preston Glenn Field
LYO,38.34,-98.23,Lyons-Rice County Municipal Airport
LZU,33.98,-83.96,Gwinnett County Briscoe Field
PCU,30.79,-89.50,Poplarville Pearl River County Airport
MLK,48.37,-107.92,Malta Airport
MAC,32.82,-83.56,Macon Downtown Airport
MAE,36.99,-120.11,Madera Municipal Airport
MAF,31.94,-102.20,Midland International Airport
MAW,36.60,-89.99,Malden Regional Airport
MBG,45.55,-100.41,Mobridge Municipal Airport
MBL,44.27,-86.25,Manistee Co Blacker Airport
DXE,32.44,-90.10,Bruce Campbell Field
MBS,43.53,-84.08,MBS International Airport
MBY,39.46,-92.43,Omar N Bradley Airport
MCB,31.18,-90.47,Mc Comb/Pike County Airport/John E Lewis Field
MCC,38.67,-121.40,Mc Clellan Airfield
MCD,45.86,-84.64,Mackinac Island Airport
MCE,37.28,-120.51,Merced Regional Macready Field
MCF,27.85,-82.52,Mac Dill Air Force Base
MCI,39.30,-94.71,Kansas City International Airport
MCK,40.21,-100.59,Mc Cook Ben Nelson Regional Airport
MCN,32.69,-83.65,Middle Georgia Regional Airport
MCO,28.43,-81.31,Orlando International Airport
MCW,43.16,-93.33,Mason City Municipal Airport
MDA,29.43,-98.38,Martindale Army Heliport
MDD,32.04,-102.10,Midland Airpark
MDH,37.78,-89.25,Southern Illinois Airport
XMD,44.02,-97.09,Madison Municipal Airport
MDT,40.19,-76.76,Harrisburg International Airport
MDW,41.79,-87.75,Chicago Midway International Airport
MDF,45.10,-90.30,Taylor County Airport
MXE,34.79,-79.37,Laurinburg Maxton Airport
MEI,32.33,-88.75,Key Field
MEM,35.04,-89.98,Memphis International Airport
MER,37.38,-120.57,Castle Airport
MEV,39.00,-119.75,Minden-Tahoe Airport
MFD,40.82,-82.52,Mansfield Lahm Regional Airport
MFE,26.18,-98.24,Mc Allen Miller International Airport
MFI,44.64,-90.19,Marshfield Municipal Airport
MFR,42.37,-122.87,Rogue Valley International Medford Airport
MFV,37.65,-75.76,Accomack County Airport
MGC,41.70,-86.82,Michigan City Municipal Airport
MGE,33.92,-84.52,Dobbins Air Reserve Base
MGJ,41.51,-74.26,Orange County Airport
MGM,32.30,-86.39,Montgomery Regional (Dannelly Field) Airport
MGR,31.08,-83.80,Moultrie Municipal Airport
MGW,39.64,-79.92,Morgantown Municipal Walter L. Bill Hart Field
MGY,39.59,-84.22,Dayton-Wright Brothers Airport
MHE,43.77,-98.04,Mitchell Municipal Airport
MHK,39.14,-96.67,Manhattan Regional Airport
MHL,39.10,-93.20,Marshall Memorial Municipal Airport
MHR,38.55,-121.30,Sacramento Mather Airport
MHT,42.93,-71.44,Manchester-Boston Regional Airport
MHV,35.06,-118.15,Mojave Airport
MIA,25.79,-80.29,Miami International Airport
MIB,48.42,-101.36,Minot Air Force Base
MIE,40.24,-85.40,Delaware County Johnson Field
MIT,35.51,-119.19,Shafter Airport - Minter Field
MIV,39.37,-75.07,Millville Municipal Airport
MJX,39.93,-74.29,Ocean County Airport
MKC,39.12,-94.59,Charles B. Wheeler Downtown Airport
MKE,42.95,-87.90,General Mitchell International Airport
MKG,43.17,-86.24,Muskegon County Airport
MKL,35.60,-88.92,McKellar-Sipes Regional Airport
MRK,26.00,-81.67,Marco Island Executive Airport
MLB,28.10,-80.65,Melbourne International Airport
MLC,34.88,-95.78,Mc Alester Regional Airport
MLI,41.45,-90.51,Quad City International Airport
MLS,46.43,-105.89,Frank Wiley Field
MLU,32.51,-92.04,Monroe Regional Airport
MMH,37.62,-118.84,Mammoth Yosemite Airport
MMI,35.40,-84.56,McMinn County Airport
MML,44.45,-95.82,Southwest Minnesota Regional Airport - Marshall/Ryan Field
MMS,34.23,-90.29,Selfs Airport
MMT,33.92,-80.80,Mc Entire Joint National Guard Base
MMU,40.80,-74.41,Morristown Municipal Airport
MNM,45.13,-87.64,Menominee Regional Airport
MNN,40.62,-83.06,Marion Municipal Airport
MOB,30.69,-88.24,Mobile Regional Airport
MOD,37.63,-120.95,Modesto City Co-Harry Sham Field
MOT,48.26,-101.28,Minot International Airport
RMY,37.51,-120.04,Mariposa Yosemite Airport
MPJ,35.14,-92.91,Petit Jean Park Airport
MPO,41.14,-75.38,Pocono Mountains Municipal Airport
MPV,44.20,-72.56,Edward F Knapp State Airport
MPZ,40.95,-91.51,Mount Pleasant Municipal Airport
MQB,40.52,-90.65,Macomb Municipal Airport
MEO,35.92,-75.70,Dare County Regional Airport
CTH,39.98,-75.87,Chester County G O Carlson Airport
MQY,36.01,-86.52,Smyrna Airport
MRB,39.40,-77.98,Eastern WV Regional Airport/Shepherd Field
MRC,35.55,-87.18,Maury County Airport
MRF,30.37,-104.02,Marfa Municipal Airport
MRN,35.82,-81.61,Foothills Regional Airport
MRY,36.59,-121.84,Monterey Peninsula Airport
MSL,34.75,-87.61,Northwest Alabama Regional Airport
MSN,43.14,-89.34,Dane County Regional Truax Field
MSO,46.92,-114.09,Missoula International Airport
MSP,44.88,-93.22,Minneapolis-St Paul International/Wold-Chamberlain Airport
MSS,44.94,-74.85,Massena International Richards Field
MSV,41.70,-74.79,Sullivan County International Airport
MSY,29.99,-90.26,Louis Armstrong New Orleans International Airport
MTC,42.61,-82.84,Selfridge Air National Guard Base Airport
MTH,24.73,-81.05,The Florida Keys Marathon Airport
MTJ,38.51,-107.89,Montrose Regional Airport
MTN,39.33,-76.41,Martin State Airport
MTO,39.48,-88.28,Coles County Memorial Airport
MTP,41.08,-71.92,Montauk Airport
MTW,44.13,-87.68,Manitowoc County Airport
MUI,40.43,-76.57,Muir Army Air Field (Fort Indiantown Gap) Airport
MUO,43.04,-115.87,Mountain Home Air Force Base
MUT,41.37,-91.15,Muscatine Municipal Airport
MVC,31.46,-87.35,Monroe County Aeroplex Airport
MVE,44.97,-95.71,Montevideo Chippewa County Airport
MVL,44.53,-72.61,Morrisville Stowe State Airport
MVY,41.39,-70.61,Martha's Vineyard Airport
MWA,37.76,-89.01,Williamson County Regional Airport
MWC,43.11,-88.03,Lawrence J Timmerman Airport
MWH,47.21,-119.32,Grant County International Airport
MWL,32.78,-98.06,Mineral Wells Regional Airport
MWO,39.53,-84.40,Middletown Regional Airport
MXA,35.89,-90.15,Manila Municipal Airport
MXF,32.38,-86.37,Maxwell Air Force Base
MYF,32.82,-117.14,Montgomery-Gibbs Executive Airport
MYL,44.89,-116.10,McCall Municipal Airport
MYR,33.68,-78.93,Myrtle Beach International Airport
MYV,39.10,-121.57,Yuba County Airport
MZJ,32.51,-111.33,Pinal Airpark
MZZ,40.49,-85.68,Marion Municipal Airport
CTX,42.59,-76.21,Cortland County Chase Field
SXY,42.30,-75.42,Sidney Municipal Airport
ESP,41.04,-75.16,Stroudsburg Pocono Airport
NBG,29.83,-90.04,New Orleans NAS JRB/Alvin Callender Field
NHX,30.39,-87.64,Naval Outlying Field Barin
DGN,38.33,-77.04,Dahlgren Naval Surface Warfare Center Airport
NEL,40.03,-74.35,Lakehurst Maxfield Field Airport
NEN,30.35,-81.87,Whitehouse Naval Outlying Field
NEW,30.04,-90.03,Lakefront Airport
NFL,39.42,-118.70,Fallon Naval Air Station
FWH,32.77,-97.44,NAS Fort Worth JRB/Carswell Field
NGU,36.94,-76.29,Norfolk Naval Station (Chambers Field)
NGZ,37.79,-122.32,Alameda Naval Air Station
NHK,38.29,-76.41,Patuxent River Naval Air Station (Trapnell Field)
NHZ,43.89,-69.94,Brunswick Executive Airport
NIP,30.24,-81.68,Jacksonville Naval Air Station (Towers Field)
NJK,32.83,-115.67,El Centro NAF Airport (Vraciu Field)
NKX,32.87,-117.14,Miramar Marine Corps Air Station - Mitscher Field
NLC,36.33,-119.95,Lemoore Naval Air Station (Reeves Field) Airport
NPA,30.35,-87.32,Pensacola Naval Air Station/Forrest Sherman Field
NQA,35.36,-89.87,Millington-Memphis Airport
NQI,27.51,-97.81,Kingsville Naval Air Station
NQX,24.58,-81.69,Naval Air Station Key West/Boca Chica Field
NRB,30.39,-81.42,Naval Station Mayport (Admiral David L. Mcdonald Field)
NRS,32.57,-117.12,Naval Outlying Field Imperial Beach (Ream Field)
NSE,30.72,-87.02,Whiting Field Naval Air Station - North
NTD,34.12,-119.12,Point Mugu Naval Air Station (Naval Base Ventura Co)
NTU,36.82,-76.03,Oceana Naval Air Station
NUQ,37.42,-122.05,Moffett Federal Airfield
NUW,48.35,-122.66,Whidbey Island Naval Air Station (Ault Field)
YUM,32.66,-114.61,Yuma MCAS/Yuma International Airport
NZY,32.70,-117.21,North Island Naval Air Station-Halsey Field
NVN,39.82,-120.35,Nervino Airport
COA,38.03,-120.42,Columbia Airport
ODC,37.76,-120.80,Oakdale Airport
EYR,39.00,-119.16,Yerington Municipal Airport
OAJ,34.83,-77.61,Albert J Ellis Airport
OAK,37.72,-122.22,Metropolitan Oakland International Airport
OAR,36.68,-121.76,Marina Municipal Airport
OBE,27.26,-80.85,Okeechobee County Airport
OCF,29.17,-82.22,Ocala International Airport - Jim Taylor Field
OCH,31.58,-94.71,A L Mangham Jr. Regional Airport
OCW,35.57,-77.05,Warren Field
OEA,38.69,-87.55,O'Neal Airport
OEO,45.31,-92.69,L O Simenstad Municipal Airport
OFF,41.12,-95.91,Offutt Air Force Base
OFK,41.99,-97.44,Karl Stefan Memorial Airport
OGA,41.12,-101.77,Searle Field
OGB,33.46,-80.86,Orangeburg Municipal Airport
OGD,41.20,-112.01,Ogden Hinckley Airport
OGS,44.68,-75.47,Ogdensburg International Airport
OIC,42.57,-75.52,Lt Warren Eaton Airport
OIL,41.48,-79.74,Splane Memorial Airport
OJC,38.85,-94.74,Johnson County Executive Airport
OCN,33.22,-117.35,Oceanside Municipal Airport
OKC,35.39,-97.60,Will Rogers World Airport
ODW,48.25,-122.67,AJ Eisenberg Airport
OKK,40.53,-86.06,Kokomo Municipal Airport
OKM,35.67,-95.95,Okmulgee Regional Airport
OKS,41.40,-102.36,Garden County Airport/King Rhiley Field
WGO,39.14,-78.14,Winchester Regional Airport
OLD,44.95,-68.67,"Dewitt Field,Old Town Municipal Airport"
OLF,48.09,-105.57,L M Clayton Airport
OLM,46.97,-122.90,Olympia Regional Airport
OLS,31.42,-110.85,Nogales International Airport
OLV,34.98,-89.79,Olive Branch Airport
OMA,41.30,-95.89,Eppley Airfield
OMK,48.46,-119.52,Omak Airport
ONL,42.47,-98.69,The O'Neill Municipal John L Baker Field
ONO,44.02,-117.01,Ontario Municipal Airport
ONP,44.58,-124.06,Newport Municipal Airport
ONT,34.06,-117.60,Ontario International Airport
OPF,25.91,-80.28,Miami-Opa Locka Executive Airport
NCO,41.60,-71.41,Quonset State Airport
ORD,41.98,-87.90,Chicago O'Hare International Airport
ORF,36.89,-76.20,Norfolk International Airport
ORH,42.27,-71.88,Worcester Regional Airport
ORL,28.55,-81.33,Orlando Executive Airport
ESD,48.71,-122.91,Orcas Island Airport
OSC,44.45,-83.39,Oscoda Wurtsmith Airport
OSH,43.98,-88.56,Wittman Regional Airport
OSU,40.08,-83.07,The Ohio State University Airport - Don Scott Field
OTH,43.42,-124.25,Southwest Oregon Regional Airport
OTM,41.11,-92.45,Ottumwa Regional Airport
OUN,35.25,-97.47,University of Oklahoma Westheimer Airport
OVE,39.49,-121.62,Oroville Municipal Airport
OWA,44.12,-93.26,Owatonna Degner Regional Airport
OWB,37.74,-87.17,Owensboro Daviess County Airport
OWD,42.19,-71.17,Norwood Memorial Airport
OWK,44.72,-69.87,Central Maine Airport of Norridgewock
OCE,38.31,-75.12,Ocean City Municipal Airport
OXC,41.48,-73.14,Waterbury Oxford Airport
OXD,39.50,-84.78,Miami University Airport
OXR,34.20,-119.21,Oxnard Airport
KOY,57.16,-154.23,Olga Bay Seaplane Base
STQ,41.41,-78.50,St Marys Municipal Airport
OZA,30.74,-101.20,Ozona Municipal Airport
OZR,31.28,-85.71,Cairns AAF (Fort Rucker) Air Field
BSQ,31.36,-109.88,Bisbee Municipal Airport
PXL,35.79,-110.42,Polacca Airport
GLB,33.35,-110.67,San Carlos Apache Airport
HBK,34.94,-110.14,Holbrook Municipal Airport
CWX,32.25,-109.89,Cochise County Airport
PAE,47.91,-122.28,Snohomish County (Paine Field) Airport
PAH,37.06,-88.77,Barkley Regional Airport
PAM,30.07,-85.58,Tyndall Air Force Base
PJB,34.26,-111.34,Payson Airport
PAO,37.46,-122.11,Palo Alto Airport of Santa Clara County
KPB,56.35,-133.62,Point Baker Seaplane Base
PBF,34.17,-91.94,"Pine Bluff Regional Airport, Grider Field"
PBG,44.65,-73.47,Plattsburgh International Airport
PBI,26.68,-80.10,Palm Beach International Airport
PVL,37.56,-82.57,Pike County-Hatcher Field
PCD,43.02,-91.12,Prairie Du Chien Municipal Airport
PDK,33.88,-84.30,DeKalb Peachtree Airport
PDT,45.70,-118.84,Eastern Oregon Regional At Pendleton Airport
PDX,45.59,-122.60,Portland International Airport
PEQ,31.38,-103.51,Pecos Municipal Airport
PGA,36.93,-111.45,Page Municipal Airport
PGD,26.92,-81.99,Charlotte County Airport
PGR,36.06,-90.51,Kirk Field
PGV,35.64,-77.39,Pitt Greenville Airport
PHD,40.47,-81.42,Harry Clever Field
PHF,37.13,-76.49,Newport News Williamsburg International Airport
ADR,33.45,-79.53,Robert F Swinnie Airport
PHK,26.78,-80.69,Palm Beach County Glades Airport
PHL,39.87,-75.24,Philadelphia International Airport
PHN,42.91,-82.53,St Clair County International Airport
PHP,44.05,-101.60,Philip Airport
PHT,36.34,-88.38,Henry County Airport
PHX,33.43,-112.01,Phoenix Sky Harbor International Airport
PIA,40.66,-89.69,General Wayne A. Downing Peoria International Airport
PIB,31.47,-89.34,Hattiesburg Laurel Regional Airport
PIE,27.91,-82.69,St Petersburg Clearwater International Airport
PIH,42.91,-112.60,Pocatello Regional Airport
PIM,32.84,-84.88,Harris County Airport
PIR,44.38,-100.29,Pierre Regional Airport
PIT,40.49,-80.23,Pittsburgh International Airport
PKB,39.35,-81.44,Mid Ohio Valley Regional Airport
PKD,46.90,-95.07,Park Rapids Municipal Konshok Field
PKF,45.96,-90.42,Park Falls Municipal Airport
PLB,44.69,-73.52,Clinton County Airport
PLK,36.63,-93.23,M. Graham Clark Downtown Airport
PLN,45.57,-84.80,Pellston Regional Airport of Emmet County Airport
PLR,33.56,-86.25,St Clair County Airport
PMB,48.94,-97.24,Pembina Municipal Airport
PMD,34.63,-118.08,Palmdale Regional/USAF Plant 42 Airport
PMH,38.84,-82.85,Greater Portsmouth Regional Airport
PPM,26.25,-80.11,Pompano Beach Airpark
PWY,42.80,-109.81,Ralph Wenz Field
PNC,36.73,-97.10,Ponca City Regional Airport
PNE,40.08,-75.01,Northeast Philadelphia Airport
PNN,45.20,-67.56,Princeton Municipal Airport
PNS,30.47,-87.19,Pensacola International Airport
POB,35.17,-79.01,Pope Field
POC,34.09,-117.78,Brackett Field
POE,31.04,-93.19,Polk Army Air Field
POF,36.77,-90.32,Poplar Bluff Municipal Airport
POU,41.63,-73.88,Dutchess County Airport
POY,44.87,-108.79,Powell Municipal Airport
PPA,35.61,-101.00,Perry Lefors Field
PPF,37.33,-95.51,Tri-City Airport
LPO,41.57,-86.73,La Porte Municipal Airport
PQI,46.69,-68.04,Presque Isle International Airport
PGL,30.46,-88.53,Trent Lott International Airport
KPR,58.49,-152.58,Port Williams Seaplane Base
PRB,35.67,-120.63,Paso Robles Municipal Airport
PRC,34.65,-112.42,Prescott Regional Airport - Ernest A. Love Field
PRO,41.83,-94.16,Perry Municipal Airport
PRX,33.64,-95.45,Cox Field
PSC,46.26,-119.12,Tri Cities Airport
PSF,42.43,-73.29,Pittsfield Municipal Airport
PSK,37.14,-80.68,New River Valley Airport
PSM,43.08,-70.82,Portsmouth International at Pease Airport
PSN,31.78,-95.71,Palestine Municipal Airport
PGO,37.29,-107.06,Stevens Field
PSP,33.83,-116.51,Palm Springs International Airport
PSX,28.73,-96.25,Palacios Municipal Airport
PTB,37.18,-77.51,Dinwiddie County Airport
PTK,42.67,-83.42,Oakland County International Airport
PTN,29.71,-91.34,Harry P Williams Memorial Airport
PTT,37.70,-98.75,Pratt Regional Airport
PTV,36.03,-119.06,Porterville Municipal Airport
PTW,40.24,-75.56,Heritage Field
PUB,38.29,-104.50,Pueblo Memorial Airport
PUC,39.61,-110.75,Carbon County Regional/Buck Davis Field
PUW,46.74,-117.11,Pullman Moscow Regional Airport
PVC,42.07,-70.22,Provincetown Municipal Airport
PVD,41.73,-71.42,Theodore Francis Green State Airport
PVF,38.72,-120.75,Placerville Airport
PVU,40.22,-111.72,Provo Municipal Airport
PVW,34.17,-101.72,Hale County Airport
PVZ,41.73,-81.22,Casement Airport
PWA,35.53,-97.65,Wiley Post Airport
PWD,48.79,-104.53,Sher-Wood Airport
PWK,42.11,-87.90,Chicago Executive Airport
PWM,43.65,-70.31,Portland International Jetport
PWT,47.49,-122.76,Bremerton National Airport
KPY,57.93,-153.04,Port Bailey Seaplane Base
PYM,41.91,-70.73,Plymouth Municipal Airport
KQA,54.13,-165.78,Akutan Seaplane Base
RAC,42.76,-87.82,John H Batten Airport
RAL,33.95,-117.44,Riverside Municipal Airport
RAP,44.05,-103.06,Rapid City Regional Airport
RBD,32.68,-96.87,Dallas Executive Airport
RBG,43.24,-123.36,Roseburg Regional Airport
RBL,40.15,-122.25,Red Bluff Municipal Airport
RBW,32.92,-80.64,Lowcountry Regional Airport
RCA,44.15,-103.10,Ellsworth Air Force Base
RCK,30.63,-96.99,H H Coffield Regional Airport
RCR,41.07,-86.18,Fulton County Airport
RCT,43.90,-85.52,Nartron Field
RDD,40.51,-122.29,Redding Municipal Airport
RDG,40.38,-75.97,Reading Regional Carl A Spaatz Field
RDM,44.25,-121.15,Roberts Field
RDR,47.96,-97.40,Grand Forks Air Force Base
RDU,35.88,-78.79,Raleigh Durham International Airport
REO,42.58,-117.89,Rome State Airport
RFD,42.20,-89.10,Chicago Rockford International Airport
RFG,28.29,-97.32,Rooke Field
RHI,45.63,-89.47,Rhinelander Oneida County Airport
RHV,37.33,-121.82,Reid-Hillview Airport of Santa Clara County
RIC,37.51,-77.32,Richmond International Airport
RIL,39.53,-107.73,Garfield County Regional Airport
RIV,33.88,-117.26,March ARB Airport
RIW,43.06,-108.46,Riverton Regional Airport
RKD,44.06,-69.10,Knox County Regional Airport
RKP,28.09,-97.04,Aransas County Airport
RKS,41.59,-109.07,Southwest Wyoming Regional Airport
RKW,35.92,-84.69,Rockwood Municipal Airport
RME,43.23,-75.41,Griffiss International Airport
RMG,34.35,-85.16,Richard B Russell Airport
RNC,35.70,-85.84,Warren County Memorial Airport
RND,29.53,-98.28,Randolph Air Force Base
RNO,39.50,-119.77,Reno Tahoe International Airport
RNT,47.49,-122.22,Renton Municipal Airport
ROA,37.33,-79.98,RoanokeâBlacksburg Regional Airport
ROC,43.12,-77.67,Greater Rochester International Airport
ROG,36.37,-94.11,Rogers Municipal Airport-Carter Field
ROW,33.30,-104.53,Roswell Air Center Airport
ROX,48.86,-95.70,Roseau Municipal Rudy Billberg Field
RIE,45.42,-91.77,Rice Lake Regional Airport - Carl's Field
RPX,46.48,-108.54,Roundup Airport
WBR,43.72,-85.50,Roben Hood Airport
RQO,35.47,-98.01,El Reno Regional Airport
RRL,45.20,-89.71,Merrill Municipal Airport
RRT,48.94,-95.35,Warroad International Memorial Airport
RSL,38.87,-98.81,Russell Municipal Airport
RSN,32.51,-92.59,Ruston Regional Airport
RST,43.91,-92.50,Rochester International Airport
RSW,26.54,-81.76,Southwest Florida International Airport
RTN,36.74,-104.50,Raton Municipal-Crews Field
SRW,35.65,-80.52,Mid-Carolina Regional Airport
RUT,43.53,-72.95,Rutland - Southern Vermont Regional Airport
RED,40.68,-77.63,Mifflin County Airport
RVS,36.04,-95.98,Richard Lloyd Jones Jr Airport
RWF,44.55,-95.08,Redwood Falls Municipal Airport
RWI,35.86,-77.89,Rocky Mount Wilson Regional Airport
RWL,41.81,-107.20,Rawlins Municipal Airport/Harvey Field
RXE,43.83,-111.81,Rexburg Madison County Airport
RNZ,40.95,-87.18,Jasper County Airport
RZZ,36.44,-77.71,Halifax County Airport
AHM,42.19,-122.66,Ashland Municipal Sumner Parker Field
BDY,43.09,-124.41,Bandon State Airport
SUO,43.88,-121.45,Sunriver Airport
MDJ,44.67,-121.15,Madras Municipal Airport
PRZ,44.29,-120.90,Prineville Airport
IDH,45.94,-116.12,Idaho County Airport
SAA,41.44,-106.82,Shively Field
SAC,38.51,-121.49,Sacramento Executive Airport
SAD,32.85,-109.64,Safford Regional Airport
SAF,35.62,-106.09,Santa Fe Municipal Airport
SAN,32.73,-117.19,San Diego International Airport
SAR,38.15,-89.70,Sparta Community Hunter Field
SAT,29.53,-98.47,San Antonio International Airport
SAV,32.13,-81.20,Savannah Hilton Head International Airport
MQT,46.35,-87.40,Sawyer International Airport
SBA,34.43,-119.84,Santa Barbara Municipal Airport
SBD,34.10,-117.24,San Bernardino International Airport
SBM,43.77,-87.85,Sheboygan County Memorial Airport
SBN,41.71,-86.32,South Bend Regional Airport
SBP,35.24,-120.64,San Luis County Regional Airport
SBS,40.52,-106.87,Steamboat Springs Bob Adams Field
SBX,48.54,-111.87,Shelby Airport
SBY,38.34,-75.51,Salisbury Ocean City Wicomico Regional Airport
SCB,41.61,-96.63,Scribner State Airport
SCH,42.85,-73.93,Schenectady County Airport
SCK,37.89,-121.24,Stockton Metropolitan Airport
SDF,38.17,-85.74,Louisville Muhammad Ali International Airport
SCF,33.62,-111.91,Scottsdale Airport
SDM,32.57,-116.98,Brown Field Municipal Airport
SDY,47.71,-104.19,Sidney - Richland Regional Airport
SEA,47.45,-122.31,Seattle Tacoma International Airport
SEE,32.83,-116.97,Gillespie Field
SEF,27.46,-81.34,Sebring Regional Airport
SEG,40.82,-76.86,Penn Valley Airport
SEM,32.34,-86.99,Craig Field
SEP,32.22,-98.18,Stephenville Clark Regional Airport
SER,38.92,-85.91,Freeman Municipal Airport
SDX,34.85,-111.79,Sedona Airport
SFB,28.78,-81.24,Orlando Sanford International Airport
SFF,47.68,-117.32,Felts Field
SFM,43.39,-70.71,Sanford Seacoast Regional Airport
SFO,37.62,-122.38,San Francisco International Airport
SFZ,41.92,-71.49,North Central State Airport
SGF,37.25,-93.39,Springfield Branson National Airport
SGH,39.84,-83.84,Springfield-Beckley Municipal Airport
UST,29.96,-81.34,Northeast Florida Regional Airport
SGR,29.62,-95.66,Sugar Land Regional Airport
SGT,34.60,-91.57,Stuttgart Municipal Airport / Carl Humphrey Field
SGU,37.04,-113.51,St George Municipal Airport
SHD,38.26,-78.90,Shenandoah Valley Regional Airport
SHN,47.23,-123.15,Sanderson Field
SHR,44.77,-106.98,Sheridan County Airport
SHV,32.45,-93.83,Shreveport Regional Airport
SIK,36.90,-89.56,Sikeston Memorial Municipal Airport
SIV,39.11,-87.45,Sullivan County Airport
SJC,37.36,-121.93,Norman Y. Mineta San Jose International Airport
SJN,34.52,-109.38,St Johns Industrial Air Park
SJT,31.36,-100.50,San Angelo Regional Mathis Field
SKA,47.62,-117.66,Fairchild Air Force Base
SKF,29.38,-98.58,Lackland Air Force Base
TSM,36.46,-105.67,Taos Regional Airport
SKY,41.43,-82.65,Griffing Sandusky Airport
SLB,42.60,-95.24,Storm Lake Municipal Airport
SLC,40.79,-111.98,Salt Lake City International Airport
SLE,44.91,-123.00,Salem Municipal Airport/McNary Field
SLG,36.19,-94.49,Smith Field
SLK,44.39,-74.21,Adirondack Regional Airport
SLN,38.79,-97.65,Salina Municipal Airport
SLO,38.64,-88.96,Salem Leckrone Airport
SLR,33.16,-95.62,Sulphur Springs Municipal Airport
SMD,41.14,-85.15,Smith Field
SME,37.05,-84.62,Lake Cumberland Regional Airport
SMF,38.70,-121.59,Sacramento International Airport
SMN,45.12,-113.88,Lemhi County Airport
SMO,34.02,-118.45,Santa Monica Municipal Airport
SUM,33.99,-80.36,Sumter Airport
SMX,34.90,-120.46,Santa Maria Pub/Capt G Allan Hancock Field
SNA,33.68,-117.87,John Wayne Airport-Orange County Airport
SNK,32.69,-100.95,Winston Field
SNL,35.36,-96.94,Shawnee Regional Airport
SNS,36.66,-121.61,Salinas Municipal Airport
SNY,41.10,-102.99,Sidney Municipal-Lloyd W Carr Field
SOP,35.24,-79.39,Moore County Airport
SOW,34.27,-110.01,Show Low Regional Airport
SPA,34.92,-81.96,Spartanburg Downtown Memorial Airport
SPF,44.48,-103.78,Black Hills Airport-Clyde Ice Field
SPG,27.77,-82.63,Albert Whitted Airport
SPI,39.84,-89.68,Abraham Lincoln Capital Airport
SPS,33.99,-98.49,Sheppard Air Force Base-Wichita Falls Municipal Airport
SPW,43.17,-95.20,Spencer Municipal Airport
SQI,41.74,-89.68,Whiteside County Airport-Joseph H Bittorf Field
SQL,37.51,-122.25,San Carlos Airport
SRQ,27.40,-82.55,Sarasota Bradenton International Airport
RUI,33.46,-105.54,Sierra Blanca Regional Airport
SSC,33.97,-80.47,Shaw Air Force Base
SSF,29.34,-98.47,Stinson Municipal Airport
SSI,31.15,-81.39,St Simons Island Airport
STC,45.55,-94.06,St Cloud Regional Airport
STE,44.55,-89.53,Stevens Point Municipal Airport
STJ,39.77,-94.91,Rosecrans Memorial Airport
STK,40.62,-103.26,Sterling Municipal Airport
STL,38.75,-90.37,St Louis Lambert International Airport
STP,44.93,-93.06,St Paul Downtown Holman Field
STS,38.51,-122.81,Charles M. Schulz Sonoma County Airport
SUA,27.18,-80.22,Witham Field
SUD,35.79,-96.66,Stroud Municipal Airport
SUE,44.84,-87.42,Door County Cherryland Airport
SUN,43.50,-114.30,Friedman Memorial Airport
SUS,38.66,-90.65,Spirit of St Louis Airport
SUU,38.26,-121.93,Travis Air Force Base
SUW,46.69,-92.09,Richard I Bong Airport
SUX,42.40,-96.38,Sioux Gateway Airport/Brigadier General Bud Day Field
SVC,32.63,-108.15,Grant County Airport
SVE,40.38,-120.57,Susanville Municipal Airport
SVH,35.77,-80.95,Statesville Regional Airport
SVN,32.01,-81.15,Hunter Army Air Field
SWF,41.50,-74.10,New York Stewart International Airport
SWO,36.16,-97.09,Stillwater Regional Airport
SWW,32.47,-100.47,Avenger Field
SYI,35.56,-86.44,Bomar Field Shelbyville Municipal Airport
SYR,43.11,-76.11,Syracuse Hancock International Airport
SYV,31.56,-83.90,Sylvester Airport
SZL,38.73,-93.55,Whiteman Air Force Base
TBC,36.09,-111.38,Tuba City Airport
TAD,37.26,-104.34,Perry Stokes Airport
KTB,55.69,-132.54,Thorne Bay Seaplane Base
TBN,37.74,-92.14,Waynesville-St. Robert Regional Forney field
TBR,32.48,-81.74,Statesboro Bulloch County Airport
TCC,35.18,-103.60,Tucumcari Municipal Airport
TCL,33.22,-87.61,Tuscaloosa Regional Airport
TCM,47.14,-122.48,McChord Air Force Base
TCS,33.24,-107.27,Truth Or Consequences Municipal Airport
TDO,46.48,-122.81,Ed Carlson Memorial Field South Lewis County Airport
TDW,35.17,-101.83,Tradewind Airport
TDZ,41.56,-83.48,Toledo Executive Airport
TEB,40.85,-74.06,Teterboro Airport
TEX,37.95,-107.91,Telluride Regional Airport
THA,35.38,-86.25,Tullahoma Regional Arpt/Wm Northern Field
THM,47.57,-115.28,Thompson Falls Airport
THV,39.92,-76.87,York Airport
TIK,35.41,-97.39,Tinker Air Force Base
TIW,47.27,-122.58,Tacoma Narrows Airport
TIX,28.51,-80.80,Space Coast Regional Airport
KNT,36.23,-90.04,Kennett Memorial Airport
TLH,30.40,-84.35,Tallahassee Regional Airport
TLR,36.16,-119.33,Mefford Field
TMA,31.43,-83.49,Henry Tift Myers Airport
TMB,25.65,-80.43,Miami Executive Airport
OTK,45.42,-123.81,Tillamook Airport
TNP,34.13,-115.95,Twentynine Palms Airport
TNT,25.86,-80.90,Dade Collier Training and Transition Airport
TNU,41.67,-93.02,Newton Municipal Airport
XSD,37.80,-116.78,Tonopah Test Range Airport
TOA,33.80,-118.34,Zamperini Field
TOC,34.59,-83.30,Toccoa Airport - R.G. Letourneau Field
TOI,31.86,-86.01,Troy Municipal Airport at N Kenneth Campbell Field
TOL,41.59,-83.81,Toledo Express Airport
TOP,39.07,-95.62,Philip Billard Municipal Airport
TOR,42.06,-104.15,Torrington Municipal Airport
TPA,27.98,-82.53,Tampa International Airport
TPF,27.92,-82.45,Peter O Knight Airport
TPH,38.06,-117.09,Tonopah Airport
TPL,31.15,-97.41,Draughon Miller Central Texas Regional Airport
TRI,36.48,-82.41,Tri-Cities Regional TN/VA Airport
TKF,39.32,-120.14,Truckee Tahoe Airport
TRL,32.71,-96.27,Terrell Municipal Airport
TRM,33.63,-116.16,Jacqueline Cochran Regional Airport
TSP,35.13,-118.44,Tehachapi Municipal Airport
TTD,45.55,-122.40,Portland Troutdale Airport
TTN,40.28,-74.81,Trenton Mercer Airport
TUL,36.20,-95.89,Tulsa International Airport
TUP,34.27,-88.77,Tupelo Regional Airport
TUS,32.12,-110.94,Tucson International Airport / Morris Air National Guard Base
TVC,44.74,-85.58,Cherry Capital Airport
TVF,48.07,-96.18,Thief River Falls Regional Airport
TVI,30.90,-83.88,Thomasville Regional Airport
TVL,38.89,-120.00,Lake Tahoe Airport
TWF,42.48,-114.49,Joslin Field Magic Valley Regional Airport
TXK,33.45,-93.99,Texarkana Regional Webb Field
TYZ,34.45,-110.11,Taylor Airport
TYR,32.35,-95.40,Tyler Pounds Regional Airport
TYS,35.81,-83.99,McGhee Tyson Airport
BFG,37.55,-110.71,Bullfrog Basin Airport
NPH,39.74,-111.87,Nephi Municipal Airport
RVR,38.96,-110.23,Green River Municipal Airport
PNU,37.85,-112.39,Panguitch Municipal Airport
ICS,44.49,-116.02,Cascade Airport
UBS,33.47,-88.38,Columbus Lowndes County Airport
UCY,36.38,-88.99,Everett-Stewart Regional Airport
UDD,33.75,-116.28,Bermuda Dunes Airport
UES,43.04,-88.24,Waukesha County Airport
UGN,42.42,-87.87,Waukegan National Airport
UIL,47.94,-124.56,Quillayute Airport
UIN,39.94,-91.19,Quincy Regional Baldwin Field
UIZ,42.66,-82.97,Berz-Macomb Airport
IKB,36.22,-81.10,Wilkes County Airport
UKI,39.13,-123.20,Ukiah Municipal Airport
UKT,40.44,-75.38,Quakertown Airport
ULM,44.32,-94.50,New Ulm Municipal Airport
ATO,39.21,-82.23,Ohio University Snyder Field
UNU,43.43,-88.70,Dodge County Airport
SCE,40.85,-77.85,University Park Airport
UOS,35.21,-85.90,Franklin County Airport
UOX,34.38,-89.54,University Oxford Airport
UTM,34.68,-90.35,Tunica Municipal Airport
HTV,30.75,-95.59,Huntsville Regional Airport
NPT,41.53,-71.28,Newport State Airport
UVA,29.21,-99.74,Garner Field
RKH,34.99,-81.06,Rock Hill - York County Airport
VAD,30.97,-83.19,Moody Air Force Base
LLY,39.94,-74.85,South Jersey Regional Airport
VBG,34.74,-120.58,Vandenberg Air Force Base
VCT,28.85,-96.92,Victoria Regional Airport
VCV,34.60,-117.38,Southern California Logistics Airport
VDI,32.19,-82.37,Vidalia Regional Airport
VEL,40.44,-109.51,Vernal Regional Airport
VGT,36.21,-115.19,North Las Vegas Airport
VHN,31.06,-104.78,Culberson County Airport
VIH,38.13,-91.77,Rolla National Airport
VIS,36.32,-119.39,Visalia Municipal Airport
VJI,36.69,-82.03,Virginia Highlands Airport
VKS,32.24,-90.93,Vicksburg Municipal Airport
VLA,38.99,-89.17,Vandalia Municipal Airport
VLD,30.78,-83.28,Valdosta Regional Airport
VNC,27.07,-82.44,Venice Municipal Airport
VNY,34.21,-118.49,Van Nuys Airport
VOK,43.94,-90.25,Volk Field
VPS,30.48,-86.53,Destin-Ft Walton Beach Airport
VPZ,41.45,-87.01,Porter County Municipal Airport
VQQ,30.22,-81.88,Cecil Airport
VRB,27.66,-80.42,Vero Beach Regional Airport
VSF,43.34,-72.52,Hartness State (Springfield) Airport
VTN,42.86,-100.55,Miller Field
VYS,41.35,-89.15,Illinois Valley Regional Airport-Walter A Duncan Field
GTY,39.84,-77.27,Gettysburg Regional Airport
SQV,48.10,-123.19,Sequim Valley Airport
PGC,38.99,-79.15,Grant County Airport
WAL,37.94,-75.47,Wallops Flight Facility Airport
WAY,39.90,-80.13,Greene County Airport
WBW,41.30,-75.85,Wilkes Barre Wyoming Valley Airport
WDG,36.38,-97.79,Enid Woodring Regional Airport
WDR,33.98,-83.67,Barrow County Airport
KWF,55.30,-133.24,Waterfall Seaplane Base
WHP,34.26,-118.41,Whiteman Airport
WJF,34.74,-118.22,General WM J Fox Airfield
WLD,37.17,-97.04,Strother Field
WLW,39.52,-122.22,Willows Glenn County Airport
WMC,40.90,-117.81,Winnemucca Municipal Airport
KWP,57.77,-153.55,West Point Village Seaplane Base
WRB,32.64,-83.59,Robins Air Force Base
WRI,40.02,-74.59,Mc Guire Air Force Base
WRL,43.97,-107.95,Worland Municipal Airport
WSD,32.34,-106.40,Condron Army Air Field
WST,41.35,-71.80,Westerly State Airport
WVI,36.94,-121.79,Watsonville Municipal Airport
WVL,44.53,-69.68,Waterville Robert Lafleur Airport
WWD,39.01,-74.91,Cape May County Airport
WWR,36.44,-99.52,West Woodward Airport
WYS,44.69,-111.12,Yellowstone Airport
KYO,28.22,-82.37,Tampa North Aero Park Airport
KXA,55.54,-132.40,Kasaan Seaplane Base
XNA,36.28,-94.31,Northwest Arkansas Regional Airport
WBK,44.24,-84.18,West Branch Community Airport
YIP,42.24,-83.53,Willow Run Airport
YKM,46.57,-120.54,Yakima Air Terminal McAllister Field
YKN,42.92,-97.39,Chan Gurney Municipal Airport
KYL,25.09,-80.43,Port Largo Airport
YNG,41.26,-80.68,Youngstown Warren Regional Airport
KZB,57.55,-153.75,Zachar Bay Seaplane Base
ZPH,28.23,-82.16,Zephyrhills Municipal Airport
ZZV,39.94,-81.89,Zanesville Municipal Airport
LOR,31.36,-85.75,Lowe AHP (Fort Rucker) Heliport
LRO,37.84,-121.27,Sharpe AAF
LTH,36.63,-116.41,Lathrop Wells Airport / Jackass Aeropark
DRU,46.62,-113.21,Drummond Airport
UWA,42.28,-72.21,Ware Airport
MDR,63.11,-154.72,Medfra Airport
LIZ,46.95,-67.89,Loring International Airport
MGI,28.32,-96.46,Matagorda Island Air Force Base
MHN,42.04,-101.06,Hooker County Airport
MTX,64.81,-147.76,Metro Field
MXC,37.93,-109.34,Monticello Airport
MYK,61.34,-142.69,May Creek Airport
MPE,41.27,-72.55,Griswold Airport
EPG,40.87,-96.11,Browns Airport
HBB,32.77,-103.21,Industrial Airpark
NRC,37.41,-121.11,NASA Crows Landing Airport
UCC,36.95,-116.04,Yucca Airstrip
NLN,40.72,-123.93,Kneeland Airport
BZF,40.57,-122.41,Benton Field
OBK,42.14,-87.86,Sky Harbor Airport
DWN,35.45,-97.53,Downtown Airpark
AKB,52.22,-174.21,Atka Airport
PML,56.01,-160.56,Port Moller Airport
PTD,56.25,-134.65,Port Alexander Seaplane Base
PAQ,61.59,-149.09,"Warren ""Bud"" Woods Palmer Municipal Airport"
ATU,52.83,173.18,Casco Cove Coast Guard Station
BTI,70.13,-143.58,Barter Island LRRS Airport
BET,60.78,-161.84,Bethel Airport
BVU,61.17,-151.04,Beluga Airport
BIG,63.99,-145.72,Allen Army Airfield
BKC,65.98,-161.15,Buckland Airport
BMX,59.36,-155.26,Big Mountain Airport
BRW,71.29,-156.77,Wiley Post Will Rogers Memorial Airport
BTT,66.91,-151.53,Bettles Airport
CDB,55.21,-162.73,Cold Bay Airport
CEM,65.57,-144.78,Central Airport
CIK,66.64,-143.74,Chalkyitsik Airport
CYF,60.14,-164.28,Chefornak Airport
SCM,61.85,-165.57,Scammon Bay Airport
IRC,65.83,-144.08,Circle City /New/ Airport
CDV,60.49,-145.48,Merle K (Mudhole) Smith Airport
CXF,67.25,-150.20,Coldfoot Airport
CYT,60.08,-142.49,Yakataga Airport
CZF,61.78,-166.04,Cape Romanzof LRRS Airport
DRG,66.07,-162.77,Deering Airport
RDB,68.03,-162.90,Red Dog Airport
ADK,51.88,-176.65,Adak Airport
DLG,59.04,-158.51,Dillingham Airport
MLL,61.86,-162.03,Marshall Don Hunter Sr Airport
ADQ,57.75,-152.49,Kodiak Airport
DUT,53.90,-166.54,Unalaska Airport
KKH,59.96,-162.88,Kongiganak Airport
EDF,61.25,-149.81,Elmendorf Air Force Base
EEK,60.21,-162.04,Eek Airport
EAA,64.78,-141.15,Eagle Airport
EHM,58.65,-162.06,Cape Newenham LRRS Airport
EIL,64.67,-147.10,Eielson Air Force Base
ELV,58.20,-136.35,Elfin Cove Seaplane Base
EMK,62.79,-164.49,Emmonak Airport
ENA,60.57,-151.24,Kenai Municipal Airport
WWT,60.94,-164.64,Newtok Airport
FAI,64.82,-147.86,Fairbanks International Airport
FBK,64.84,-147.61,Ladd AAF Airfield
ABL,67.11,-157.86,Ambler Airport
FRN,61.27,-149.65,Bryant Army Heliport
NIB,63.02,-154.36,Nikolai Airport
FMC,65.93,-149.84,Five Mile Airport
FWL,62.51,-153.89,Farewell Airport
GAL,64.74,-156.94,Edward G. Pitka Sr Airport
GBH,68.48,-149.49,Galbraith Lake Airport
KWK,59.88,-163.17,Kwigillingok Airport
SHG,66.89,-157.16,Shungnak Airport
GKN,62.15,-145.46,Gulkana Airport
GLV,64.55,-163.01,Golovin Airport
GAM,63.77,-171.73,Gambell Airport
AGN,57.50,-134.59,Angoon Seaplane Base
BGQ,61.54,-149.81,Big Lake Airport
GST,58.43,-135.71,Gustavus Airport
NME,60.47,-164.70,Nightmute Airport
SGY,59.46,-135.32,Skagway Airport
HCR,62.19,-159.77,Holy Cross Airport
HSL,65.70,-156.35,Huslia Airport
HNS,59.24,-135.52,Haines Airport
HOM,59.65,-151.48,Homer Airport
HPB,61.52,-166.15,Hooper Bay Airport
HUS,66.04,-154.26,Hughes Airport
SHX,62.69,-159.57,Shageluk Airport
HYG,55.21,-132.83,Hydaburg Seaplane Base
IGG,59.32,-155.90,Igiugig Airport
EGX,58.19,-157.38,Egegik Airport
IAN,66.98,-160.44,Bob Baker Memorial Airport
ILI,59.75,-154.91,Iliamna Airport
UTO,65.99,-153.70,Indian Mountain LRRS Airport
MCL,63.73,-148.91,McKinley National Park Airport
WAA,65.62,-168.10,Wales Airport
JNU,58.35,-134.58,Juneau International Airport
KGK,59.73,-157.26,Koliganek Airport
KDK,57.81,-152.37,Kodiak Municipal Airport
KFP,54.85,-163.41,False Pass Airport
AKK,56.94,-154.18,Akhiok Airport
KPN,59.93,-164.03,Kipnuk Airport
KKA,64.94,-161.15,Koyuk Alfred Adams Airport
LKK,58.98,-155.12,Kulik Lake Airport
AKN,58.68,-156.65,King Salmon Airport
IKO,52.94,-168.85,Nikolski Air Station
AKP,68.13,-151.74,Anaktuvuk Pass Airport
KTN,55.36,-131.71,Ketchikan International Airport
UUK,70.33,-149.60,Ugnu-Kuparuk Airport
KAL,64.32,-158.74,Kaltag Airport
KLW,55.58,-133.08,Klawock Airport
KYK,57.57,-154.45,Karluk Airport
KLN,57.54,-153.98,Larsen Bay Airport
KLG,61.54,-160.34,Kalskag Airport
DQH,70.34,-150.95,Alpine Airstrip
WCR,67.50,-148.48,Chandalar Lake Airport
LUR,68.88,-166.11,Cape Lisburne LRRS Airport
KMO,58.99,-159.05,Manokotak Airport
MCG,62.95,-155.61,McGrath Airport
MDO,59.45,-146.31,Middleton Island Airport
LMA,63.89,-152.30,Minchumina Airport
SMK,63.49,-162.11,St Michael Airport
MLY,65.00,-150.64,Manley Hot Springs Airport
MTM,55.13,-131.58,Metlakatla Seaplane Base
MOU,62.10,-163.68,Mountain Village Airport
MRI,61.21,-149.84,Merrill Field
MXY,61.44,-142.90,Mc Carthy Airport
MYU,60.37,-166.27,Mekoryuk Airport
WNA,60.69,-161.98,Napakiak Airport
ANC,61.17,-150.00,Ted Stevens Anchorage International Airport
ANI,61.58,-159.54,Aniak Airport
ENN,64.55,-149.07,Nenana Municipal Airport
NNL,59.98,-154.84,Nondalton Airport
FNR,58.25,-134.90,Funter Bay Seaplane Base
ANN,55.04,-131.57,Annette Island Airport
NUL,64.73,-158.07,Nulato Airport
ANV,62.65,-160.19,Anvik Airport
KNW,59.45,-157.33,New Stuyahok Airport
OBU,66.91,-156.90,Kobuk Airport
PCA,58.91,-157.71,Portage Creek Airport
HNH,58.10,-135.41,Hoonah Airport
OME,64.51,-165.45,Nome Airport
OOK,60.54,-165.09,Toksook Bay Airport
ORT,62.96,-141.93,Northway Airport
OTZ,66.88,-162.60,Ralph Wien Memorial Airport
NLG,56.01,-161.16,Nelson Lagoon Airport
STG,56.58,-169.66,St George Airport
KPC,65.25,-166.86,Port Clarence Coast Guard Station
KPV,55.91,-159.16,Perryville Airport
PSG,56.80,-132.95,Petersburg James A Johnson Airport
PTH,56.96,-158.63,Port Heiden Airport
PKA,60.70,-161.78,Napaskiak Airport
PTU,59.01,-161.82,Platinum Airport
PIP,57.58,-157.57,Pilot Point Airport
PHO,68.35,-166.80,Point Hope Airport
PPC,66.81,-150.64,Prospect Creek Airport
KWN,59.76,-161.85,Quinhagak Airport
NUI,70.21,-151.01,Nuiqsut Airport
ARC,68.11,-145.58,Arctic Village Airport
RSH,61.78,-161.32,Russian Mission Airport
RBY,64.73,-155.47,Ruby Airport
SVA,63.69,-170.49,Savoonga Airport
SCC,70.19,-148.46,Deadhorse Airport
SDP,55.31,-160.52,Sand Point Airport
SHH,66.25,-166.09,Shishmaref Airport
SIT,57.05,-135.36,Sitka Rocky Gutierrez Airport
WLK,66.60,-159.99,Selawik Airport
SLQ,61.70,-157.17,Sleetmute Airport
KSM,62.06,-163.30,St Mary's Airport
SNP,57.17,-170.22,St Paul Island Airport
SOV,59.44,-151.70,Seldovia Airport
SMU,61.81,-147.51,Sheep Mountain Airport
UMM,63.33,-149.13,Summit Airport
SVW,61.10,-155.57,Sparrevohn LRRS Airport
SKW,61.97,-151.19,Skwentna Airport
SXQ,60.48,-151.03,Soldotna Airport
SYA,52.71,174.11,Eareckson Air Station
TAL,65.17,-152.11,Ralph M Calhoun Memorial Airport
TNC,65.56,-167.92,Tin City Long Range Radar Station Airport
TLA,65.24,-166.34,Teller Airport
TOG,59.05,-160.40,Togiak Airport
TKA,62.32,-150.09,Talkeetna Airport
TLJ,62.89,-155.98,Tatalina LRRS Airport
ATK,70.47,-157.44,Atqasuk Edward Burnell Sr Memorial Airport
AUK,62.68,-164.66,Alakanuk Airport
UMT,69.37,-152.14,Umiat Airport
UNK,63.89,-160.80,Unalakleet Airport
WOW,61.75,-150.05,Willow Airport
VAK,61.54,-165.60,Chevak Airport
KVC,55.12,-162.27,King Cove Airport
VDZ,61.13,-146.25,Valdez Pioneer Field
VEE,67.01,-146.37,Venetie Airport
KVL,67.74,-164.56,Kivalina Airport
WBQ,66.36,-147.41,Beaver Airport
SWD,60.13,-149.42,Seward Airport
WRG,56.48,-132.37,Wrangell Airport
AIN,70.64,-159.99,Wainwright Airport
WMO,64.69,-163.41,White Mountain Airport
WTK,67.57,-162.98,Noatak Airport
WWA,61.57,-149.54,Wasilla Airport
YAK,59.50,-139.66,Yakutat Airport
PEC,57.96,-136.24,Pelican Seaplane Base
AKI,60.90,-161.23,Akiak Airport
AET,66.55,-152.62,Allakaket Airport
PFC,45.20,-123.96,Pacific City State Airport
NCN,60.08,-147.99,Chenega Bay Airport
CLP,58.83,-158.53,Clarks Point Airport
ELI,64.61,-162.27,Elim Airport
KUK,60.87,-162.52,Kasigluk Airport
KNK,59.43,-154.80,Kokhanok Airport
KOT,63.03,-163.53,Kotlik Airport
KTS,65.33,-166.47,Brevig Mission Airport
KYU,64.88,-157.73,Koyukuk Airport
KWT,60.79,-161.44,Kwethluk Airport
ORV,66.82,-161.02,Robert (Bob) Curtis Memorial Airport
SKK,64.37,-161.22,Shaktoolik Airport
TKJ,63.33,-142.95,Tok Junction Airport
WSN,58.70,-157.01,South Naknek Nr 2 Airport
FYU,66.57,-145.25,Fort Yukon Airport
PGM,59.35,-151.83,Port Graham Airport
BKH,22.02,-159.79,Barking Sands Airport
HDH,21.58,-158.20,Dillingham Airfield
HHI,21.48,-158.04,Wheeler Army Airfield
HNM,20.80,-156.01,Hana Airport
JHM,20.96,-156.67,Kapalua Airport
JRF,21.31,-158.07,Kalaeloa Airport
KOA,19.74,-156.05,Ellison Onizuka Kona International At Keahole Airport
HKP,20.95,-156.69,Kaanapali Airport
LIH,21.98,-159.34,Lihue Airport
LUP,21.21,-156.97,Kalaupapa Airport
MKK,21.15,-157.10,Molokai Airport
MUE,20.00,-155.67,Waimea Kohala Airport
NGF,21.45,-157.77,Kaneohe Bay MCAS (Marion E. Carl Field) Airport
HNL,21.32,-157.92,Daniel K Inouye International Airport
LNY,20.79,-156.95,Lanai Airport
OGG,20.90,-156.43,Kahului Airport
PAK,21.90,-159.60,Port Allen Airport
BSF,19.76,-155.55,Bradshaw Army Airfield
ITO,19.72,-155.05,Hilo International Airport
UPP,20.27,-155.86,Upolu Airport
PIZ,69.73,-163.01,Point Lay LRRS Airport
PWR,56.38,-134.65,Port Walter Seaplane Base
PYL,60.69,-147.92,Perry Island Seaplane Base
RDV,61.79,-157.35,Red Devil Airport
REH,38.72,-75.12,Rehoboth Airport
RMP,65.51,-150.14,Rampart Airport
RZH,34.65,-118.21,Quartz Hill Airport
LPS,48.48,-122.94,Lopez Island Airport
KEH,47.75,-122.26,Kenmore Air Harbor Inc Seaplane Base
SAS,33.24,-115.95,Salton Sea Airport
SCR,41.48,-75.77,Scranton Municipal Airport.
SFR,34.29,-118.42,San Fernando Airport
SKJ,56.54,-154.14,Sitkinak Airport
SRF,38.06,-122.51,Hamilton Field
SRU,37.05,-122.03,Santa Cruz Sky Park
SRV,61.79,-156.59,Stony River 2 Airport
SSU,37.78,-80.34,Greenbrier Airport
SVS,66.02,-149.05,Stevens Village Airport
SXP,62.52,-164.85,Nunam Iqua Airport
SYB,58.37,-152.20,Seal Bay Seaplane Base
SYL,35.81,-120.74,Roberts Army Heliport
SYN,44.48,-93.02,Stanton Airfield
SZN,34.06,-119.92,Santa Cruz Island Airport
SZP,34.35,-119.06,Santa Paula Airport
TCT,62.99,-156.03,Takotna Airport
TKE,57.78,-135.22,Tenakee Seaplane Base
TKL,58.49,-133.94,Taku Lodge Seaplane Base
TLT,61.10,-160.97,Tuluksak Airport
PTA,60.20,-154.33,Port Alsworth Airport
TSG,63.37,-143.34,Tanacross Airport
TWH,33.43,-118.51,Two Harbors Amphibious Terminal
TYE,61.08,-151.14,Tyonek Airport
DBS,44.17,-112.23,Dubois Municipal Airport
UGB,57.43,-157.74,Ugashik Bay Airport
LHU,34.46,-114.36,Havasu Airpark
AHT,51.38,179.26,Amchitka Army Airfield
BNH,42.35,-71.03,Cape Air Seaplanes on Boston Harbor Seaplane Base
XWA,48.26,-103.75,Williston Basin International Airport
RTL,43.39,-95.14,Spirit Lake Municipal Airport
BPA,40.75,-73.50,Grumman Bethpage Airport
GMV,37.02,-110.20,Monument Valley Airport
FBS,48.54,-123.01,Friday Harbor Seaplane Base
RSJ,48.65,-122.87,Rosario Seaplane Base
LKE,47.63,-122.34,Kenmore Air Harbor Seaplane Base
RCE,48.61,-123.14,Roche Harbor Airport
WSX,48.62,-122.95,Westsound/Wsx Seaplane Base
WBB,63.52,-162.28,Stebbins Airport
WEA,32.75,-97.68,Parker County Airport
JBK,37.87,-122.31,Berkley Municipal Heliport
DTR,48.50,-122.81,Decatur Shores Airport
WSB,55.53,-133.64,Steamboat Bay Seaplane Base
UGI,57.73,-153.32,San Juan /Uganik/ Seaplane Base
WSM,67.40,-150.12,Wiseman Airport
GWV,39.95,-80.76,Glendale Fokker Field
MPB,25.78,-80.17,Miami Seaplane Base
XXZ,90.00,180.00,Modi
UKN,43.28,-91.47,Waukon Municipal Airport
KKI,60.90,-161.42,Akiachak Airport
BCC,63.57,-156.15,Bear Creek 3 Airport
JBT,60.78,-161.74,Bethel Seaplane Base
CZP,55.97,-133.80,Cape Pole Seaplane Base
KBW,56.30,-158.40,Chignik Bay Seaplane Base
KBC,66.27,-145.82,Birch Creek Airport
CZC,61.94,-145.29,Copper Center 2 Airport
ZNC,60.98,-159.99,Nyac Airport
